claim_id,patient_first,patient_last,patient_dob,member_id,payer,payer_id,dos,submitted_date,rendering_npi,rendering_provider,facility,pos,line_no,cpt,modifier,units,charge,dx1,dx2,dx3,dx4,auth_number,coder_id,prebill_reviewed
GPP-2026-000101,Layla,Russell,1938-04-17,NS65961640,Northstar Health Plan,NS401,2026-02-17,2026-02-19,1204831741,Daniel Ortiz,Oakwood Skilled Nursing Center,31,1,99307,,1,70.00,A41.9,E11.65,R53.81,,,C06,Y
GPP-2026-000102,Nathan,Price,1947-04-08,CS20889212,Coastal Senior Advantage,CSA77,2026-06-28,2026-07-07,1489356778,Benjamin Carter,Gulf Pines Medical Center,21,1,99232,,1,140.00,E11.65,I10,J96.01,R26.89,,C02,Y
GPP-2026-000103,Noah,Perry,1952-02-08,CS17641033,Coastal Senior Advantage,CSA77,2026-08-03,2026-08-05,1884992904,Ethan Pierce,Seabreeze Rehab & Nursing,31,1,99308,,1,110.00,I48.91,D64.9,J96.01,R53.81,,C04,N
GPP-2026-000105,Nathan,Burke,1952-11-03,CS79684319,Coastal Senior Advantage,CSA77,2026-07-14,2026-07-26,1684726395,Chloe Shah,St. Anselm Hospital,21,1,99223,,1,330.00,I10,J96.01,,,,C08,Y
GPP-2026-000108,Samuel,Powell,1961-08-13,NS30750555,Northstar Health Plan,NS401,2026-03-04,2026-03-10,1436730950,Maya Ortiz,Bayfront Regional Medical Center,21,1,99239,,1,190.00,L89.154,I50.9,I10,R53.81,,C05,N
GPP-2026-000109,Henry,Stone,1943-09-15,CS45769604,Coastal Senior Advantage,CSA77,2026-04-27,2026-05-06,1234301301,Lily Rivera,St. Anselm Hospital,21,1,99222,,1,245.00,I48.91,,,,,C01,Y
GPP-2026-000111,Daniel,Stone,1959-03-22,MP65177769,Meridian PPO,MRD55,2026-03-30,2026-04-09,1272117833,Mia Hughes,Palm Harbor General Hospital,21,1,99223,,1,330.00,E11.65,E87.1,I50.9,,,C03,N
GPP-2026-000112,Zoe,Reyes,1944-01-07,CS66223910,Coastal Senior Advantage,CSA77,2026-03-30,2026-04-07,1872027622,Sofia Jenkins,Palm Harbor General Hospital,21,1,99232,,1,140.00,I50.9,,,,,C06,Y
GPP-2026-000114,Isaac,Morales,1948-01-02,CS34592184,Coastal Senior Advantage,CSA77,2026-04-25,2026-05-06,1262252103,Samuel Pierce,Magnolia Post-Acute,31,1,99305,,1,240.00,D64.9,,,,,C07,N
GPP-2026-000115,Hannah,Long,1959-10-19,NS26005932,Northstar Health Plan,NS401,2026-05-23,2026-05-30,1489356778,Benjamin Carter,St. Anselm Hospital,21,1,99231,,1,95.00,I10,N18.30,,,,C04,Y
GPP-2026-000116,Noah,Powell,1957-02-27,CS43989078,Coastal Senior Advantage,CSA77,2026-06-16,2026-06-22,1272117833,Mia Hughes,Palm Harbor General Hospital,21,1,99232,,1,140.00,J44.1,L89.154,,,,C08,Y
GPP-2026-000118,Lily,Powell,1950-12-05,NS68504265,Northstar Health Plan,NS401,2026-06-28,2026-07-06,1272117833,Mia Hughes,Gulf Pines Medical Center,21,1,99233,,1,205.00,D64.9,A41.9,L89.154,I50.9,,C05,N
GPP-2026-000121,Caleb,Long,1945-12-14,MP40750466,Meridian PPO,MRD55,2026-04-29,2026-05-06,1436730950,Maya Ortiz,Clearwater Heart Institute,21,1,99238,,1,130.00,J18.9,E11.9,J96.01,,,C06,N
GPP-2026-000123,Arjun,Perry,1957-09-23,CS59882832,Coastal Senior Advantage,CSA77,2026-06-02,2026-06-10,1489356778,Benjamin Carter,Gulf Pines Medical Center,21,1,99221,,1,180.00,E87.1,E11.65,,,,C08,N
GPP-2026-000125,Nora,Ross,1957-10-08,CS69475732,Coastal Senior Advantage,CSA77,2026-03-03,2026-03-11,1603023783,Arjun Dunn,Oakwood Skilled Nursing Center,31,1,99306,,1,310.00,M62.81,L89.154,E87.1,,,C06,N
GPP-2026-000127,Lucas,Diaz,1958-09-26,NS34218923,Northstar Health Plan,NS401,2026-04-25,2026-04-30,1272117833,Mia Hughes,Palm Harbor General Hospital,21,1,99238,,1,130.00,I50.9,J44.1,,,,C02,Y
GPP-2026-000130,Mateo,Fisher,1947-10-16,NS99750448,Northstar Health Plan,NS401,2026-06-15,2026-06-27,1436730950,Maya Ortiz,Seabreeze Rehab & Nursing,31,1,99309,,1,150.00,A41.9,,,,,C08,N
GPP-2026-000132,Olivia,Ramirez,1950-12-10,SM35330809,Sunshine Medicaid Partners,SMP12,2026-03-04,2026-03-08,1572028870,Lily Kim,Gulf Pines Medical Center,21,1,99231,,1,95.00,I48.91,E87.1,I50.9,R26.89,,C05,Y
GPP-2026-000135,Emma,Powell,1948-02-23,CS32348440,Coastal Senior Advantage,CSA77,2026-06-20,2026-06-27,1606169955,Leena Rao,Gulf Pines Medical Center,21,1,99233,,1,205.00,R53.81,A41.9,N18.30,,,C05,Y
GPP-2026-000138,Isaac,Iyer,1938-06-02,CS37462319,Coastal Senior Advantage,CSA77,2026-05-12,2026-05-23,1160142182,Liam Lane,Bayfront Regional Medical Center,21,1,99222,,1,245.00,Z74.09,E87.1,E11.65,,,C06,Y
GPP-2026-000139,Benjamin,Griffin,1947-08-04,CS25768064,Coastal Senior Advantage,CSA77,2026-05-24,2026-05-26,1262252103,Samuel Pierce,Seabreeze Rehab & Nursing,31,1,99310,,1,215.00,J18.9,I10,D64.9,,,C03,Y
GPP-2026-000142,Harper,Fisher,1939-02-12,NS57871822,Northstar Health Plan,NS401,2026-06-28,2026-07-01,1204831741,Daniel Ortiz,Harborview Care Center,31,1,99309,,1,150.00,J18.9,M62.81,,,,C08,N
GPP-2026-000145,Sofia,Gomez,1946-06-26,NS89514923,Northstar Health Plan,NS401,2026-04-25,2026-04-30,1425271610,Emma Brooks,Clearwater Heart Institute,21,1,99231,,1,95.00,I10,I11.9,J18.9,I50.9,,C08,N
GPP-2026-000147,Chloe,Sanders,1946-08-19,MP18333678,Meridian PPO,MRD55,2026-08-04,2026-08-11,1290065238,Riya Wolfe,Bayfront Regional Medical Center,21,1,99231,,1,95.00,E11.9,E87.1,,,,C05,Y
GPP-2026-000149,Maya,Hayes,1955-05-05,CS81289431,Coastal Senior Advantage,CSA77,2026-06-16,2026-06-22,1489356778,Benjamin Carter,Palm Harbor General Hospital,21,1,99238,,1,130.00,D64.9,L89.154,,,,C03,Y
GPP-2026-000150,Noah,Patel,1955-03-28,NS16482207,Northstar Health Plan,NS401,2026-05-06,2026-05-08,1247459963,Aarav Ross,Palm Harbor General Hospital,21,1,99221,,1,180.00,E11.65,R26.89,J18.9,,,C06,N
GPP-2026-000151,Henry,Reyes,1944-08-04,CS34741242,Coastal Senior Advantage,CSA77,2026-07-10,2026-07-12,1606169955,Leena Rao,Palm Harbor General Hospital,21,1,99233,,1,205.00,I10,R26.89,N17.9,I50.9,,C06,N
GPP-2026-000152,Noah,Ward,1959-10-13,NS53800043,Northstar Health Plan,NS401,2026-05-08,2026-05-17,1726463346,Mia Hayes,Palm Harbor General Hospital,21,1,99233,,1,205.00,D64.9,I50.9,A41.9,,,C06,Y
GPP-2026-000155,Grace,Diaz,1959-03-27,MP42755015,Meridian PPO,MRD55,2026-02-14,2026-02-25,1743559571,Maya Patel,Palm Harbor General Hospital,21,1,99233,,1,205.00,J96.01,L89.154,E87.1,,,C03,N
GPP-2026-000156,Lucas,Ward,1942-07-12,CS42676110,Coastal Senior Advantage,CSA77,2026-03-06,2026-03-11,1243255894,James Rivera,Magnolia Post-Acute,31,1,99308,,1,110.00,J96.01,I50.9,J18.9,J44.1,,C08,Y
GPP-2026-000159,Ava,Lane,1950-06-04,CS85156192,Coastal Senior Advantage,CSA77,2026-04-21,2026-04-23,1624878819,Hannah Brooks,Seabreeze Rehab & Nursing,31,1,99305,,1,240.00,L89.154,M62.81,J96.01,D64.9,,C07,N
GPP-2026-000161,Chloe,Pierce,1947-07-02,NS24652937,Northstar Health Plan,NS401,2026-03-21,2026-03-30,1872027622,Sofia Jenkins,Gulf Pines Medical Center,21,1,99232,,1,140.00,Z74.09,,,,,C02,Y
GPP-2026-000163,Lily,Griffin,1941-05-11,SM84709030,Sunshine Medicaid Partners,SMP12,2026-06-22,2026-07-04,1572028870,Lily Kim,Gulf Pines Medical Center,21,1,99239,,1,190.00,E11.9,E11.65,,,,C03,Y
GPP-2026-000166,Owen,Iyer,1939-08-27,MP54879137,Meridian PPO,MRD55,2026-08-10,2026-08-12,1234301301,Lily Rivera,Gulf Pines Medical Center,21,1,99221,,1,180.00,E11.65,,,,,C06,N
GPP-2026-000167,James,Mehta,1954-12-11,CS93102068,Coastal Senior Advantage,CSA77,2026-08-05,2026-08-08,1262252103,Samuel Pierce,St. Anselm Hospital,21,1,99233,,1,205.00,M62.81,N17.9,I50.9,,,C05,Y
GPP-2026-000170,Riya,Ortiz,1957-10-18,NS25071057,Northstar Health Plan,NS401,2026-05-18,2026-05-21,1243255894,James Rivera,Clearwater Heart Institute,21,1,99222,,1,245.00,I10,N17.9,I50.9,,,C06,N
GPP-2026-000172,Layla,Russell,1938-04-17,NS74242307,Northstar Health Plan,NS401,2026-08-23,2026-09-03,1726463346,Mia Hayes,St. Anselm Hospital,21,1,99221,,1,180.00,J18.9,,,,,C03,N
GPP-2026-000173,Amelia,Kim,1952-09-04,SM23256079,Sunshine Medicaid Partners,SMP12,2026-08-24,2026-08-28,1425271610,Emma Brooks,Bayfront Regional Medical Center,21,1,99233,25,1,205.00,J18.9,Z74.09,,,,C01,Y
GPP-2026-000173,Amelia,Kim,1952-09-04,SM23256079,Sunshine Medicaid Partners,SMP12,2026-08-24,2026-08-28,1425271610,Emma Brooks,Bayfront Regional Medical Center,21,2,36556,,1,240.00,J18.9,Z74.09,,,,C01,Y
GPP-2026-000176,Evelyn,Foster,1956-02-16,SM48135833,Sunshine Medicaid Partners,SMP12,2026-01-09,2026-01-15,1624878819,Hannah Brooks,Gulf Pines Medical Center,21,1,99233,,1,205.00,E87.1,E11.65,I48.91,,,C04,Y
GPP-2026-000177,Lucas,Hayes,1944-01-13,NS57350642,Northstar Health Plan,NS401,2026-07-21,2026-07-24,1024533220,Evelyn Ortiz,Bayfront Regional Medical Center,21,1,99221,,1,180.00,Z74.09,J44.1,E11.9,I10,,C05,Y
GPP-2026-000179,Nora,Morales,1951-09-11,SM89676920,Sunshine Medicaid Partners,SMP12,2026-06-11,2026-06-16,1726463346,Mia Hayes,Clearwater Heart Institute,21,1,99233,,1,205.00,I10,E11.65,,,,C03,Y
GPP-2026-000181,Harper,Nguyen,1946-04-02,CS67650696,Coastal Senior Advantage,CSA77,2026-05-13,2026-05-22,1778873939,Ryan Diaz,Gulf Pines Medical Center,21,1,99221,,1,180.00,D64.9,,,,,C01,Y
GPP-2026-000182,James,Ward,1939-02-05,MP56012507,Meridian PPO,MRD55,2026-01-21,2026-02-01,1436730950,Maya Ortiz,St. Anselm Hospital,21,1,99232,25,1,140.00,M62.81,R53.81,N18.30,,,C07,N
GPP-2026-000182,James,Ward,1939-02-05,MP56012507,Meridian PPO,MRD55,2026-01-21,2026-02-01,1436730950,Maya Ortiz,St. Anselm Hospital,21,2,94002,,1,180.00,M62.81,R53.81,N18.30,,,C07,N
GPP-2026-000183,Lily,Iyer,1949-08-02,CS22877704,Coastal Senior Advantage,CSA77,2026-07-31,2026-08-11,1425271610,Emma Brooks,Gulf Pines Medical Center,21,1,99231,,1,95.00,I10,I11.9,J44.1,I48.91,,C07,N
GPP-2026-000185,Isaac,Iyer,1943-02-13,SM19755822,Sunshine Medicaid Partners,SMP12,2026-06-16,2026-06-20,1726463346,Mia Hayes,Gulf Pines Medical Center,21,1,99232,,1,140.00,J96.01,L89.154,,,,C05,N
GPP-2026-000187,Chloe,Gomez,1958-04-20,NS56965372,Northstar Health Plan,NS401,2026-08-04,2026-08-07,1234301301,Lily Rivera,Seabreeze Rehab & Nursing,31,1,99308,,1,110.00,N17.9,J96.01,I48.91,J44.1,,C03,Y
GPP-2026-000188,Henry,Holt,1945-09-17,NS38776371,Northstar Health Plan,NS401,2026-01-09,2026-01-15,1038518613,Joseph Russell,Harborview Care Center,31,1,99310,,1,215.00,N18.30,Z74.09,I50.9,E11.65,,C05,Y
GPP-2026-000189,Grace,Bennett,1943-03-05,CS73851609,Coastal Senior Advantage,CSA77,2026-01-16,2026-01-23,1038518613,Joseph Russell,Gulf Pines Medical Center,21,1,99233,,1,205.00,J18.9,,,,,C07,Y
GPP-2026-000191,Nora,Bennett,1941-03-07,MP22615031,Meridian PPO,MRD55,2026-05-05,2026-05-11,1262252103,Samuel Pierce,Bayfront Regional Medical Center,21,1,99232,,1,140.00,I50.9,J96.01,R53.81,,,C08,Y
GPP-2026-000194,Nora,Bennett,1941-03-07,CS89828094,Coastal Senior Advantage,CSA77,2026-02-07,2026-02-14,1262252103,Samuel Pierce,St. Anselm Hospital,21,1,99233,,1,205.00,Z74.09,N17.9,M62.81,,,C05,Y
GPP-2026-000196,Amelia,Wallace,1960-05-27,NS71871621,Northstar Health Plan,NS401,2026-01-28,2026-02-07,1262252103,Samuel Pierce,Seabreeze Rehab & Nursing,31,1,99305,,1,240.00,J44.1,I10,,,,C05,N
GPP-2026-000197,Isaac,Morales,1948-01-02,MP65035172,Meridian PPO,MRD55,2026-04-24,2026-05-03,1272117833,Mia Hughes,Oakwood Skilled Nursing Center,31,1,99304,,1,170.00,A41.9,,,,,C08,N
GPP-2026-000200,Nathan,Price,1947-04-08,CS90267730,Coastal Senior Advantage,CSA77,2026-06-04,2026-06-11,1272117833,Mia Hughes,Palm Harbor General Hospital,21,1,99231,,1,95.00,J96.01,A41.9,E11.9,R53.81,,C07,N
GPP-2026-000203,Hannah,Pierce,1950-06-28,NS19886528,Northstar Health Plan,NS401,2026-08-04,2026-08-12,1778873939,Ryan Diaz,Seabreeze Rehab & Nursing,31,1,99309,,1,150.00,J44.1,A41.9,N18.30,I10,,C02,N
GPP-2026-000205,Sofia,Mehta,1938-10-08,MP61928734,Meridian PPO,MRD55,2026-01-13,2026-01-20,1436730950,Maya Ortiz,Magnolia Post-Acute,31,1,99305,,1,240.00,E11.65,,,,,C08,Y
GPP-2026-000206,Isaac,Myers,1954-11-16,NS19996300,Northstar Health Plan,NS401,2026-08-19,2026-08-29,1603023783,Arjun Dunn,Seabreeze Rehab & Nursing,31,1,99309,,1,150.00,E11.9,I10,A41.9,,,C03,Y
GPP-2026-000207,Amelia,Kim,1952-09-04,SM98858181,Sunshine Medicaid Partners,SMP12,2026-02-24,2026-03-07,1222921193,Caleb Rivera,Harborview Care Center,31,1,99308,,1,110.00,I48.91,,,,,C06,N
GPP-2026-000210,Grace,Pierce,1954-02-06,MP21426888,Meridian PPO,MRD55,2026-05-17,2026-05-20,1243255894,James Rivera,Seabreeze Rehab & Nursing,31,1,99309,,1,150.00,Z74.09,D64.9,,,,C05,N
GPP-2026-000211,Henry,Stone,1943-09-15,CS64157995,Coastal Senior Advantage,CSA77,2026-01-16,2026-01-27,1204831741,Daniel Ortiz,Magnolia Post-Acute,31,1,99304,,1,170.00,I10,L89.154,,,,C05,Y
GPP-2026-000212,Nora,Stone,1940-06-06,SM21199802,Sunshine Medicaid Partners,SMP12,2026-01-23,2026-01-31,1884992904,Ethan Pierce,Oakwood Skilled Nursing Center,31,1,99306,,1,310.00,I50.9,,,,SMPA328556,C07,N
GPP-2026-000215,Chloe,Mehta,1950-02-21,SM85304453,Sunshine Medicaid Partners,SMP12,2026-01-12,2026-01-22,1243255894,James Rivera,Oakwood Skilled Nursing Center,31,1,99307,,1,70.00,A41.9,,,,,C08,N
GPP-2026-000218,Sofia,Myers,1942-11-05,CS35067122,Coastal Senior Advantage,CSA77,2026-06-04,2026-06-12,1884992904,Ethan Pierce,Harborview Care Center,31,1,99306,,1,310.00,L89.154,I50.9,,,,C06,N
GPP-2026-000221,Benjamin,Russell,1944-10-19,CS29930765,Coastal Senior Advantage,CSA77,2026-01-09,2026-01-16,1024533220,Evelyn Ortiz,Gulf Pines Medical Center,21,1,99221,25,1,180.00,J44.1,E11.65,M62.81,,,C02,Y
GPP-2026-000221,Benjamin,Russell,1944-10-19,CS29930765,Coastal Senior Advantage,CSA77,2026-01-09,2026-01-16,1024533220,Evelyn Ortiz,Gulf Pines Medical Center,21,2,31500,,1,260.00,J44.1,E11.65,M62.81,,,C02,Y
GPP-2026-000222,Nathan,Fisher,1944-10-15,NS95272015,Northstar Health Plan,NS401,2026-04-17,2026-04-19,1290065238,Riya Wolfe,Seabreeze Rehab & Nursing,31,1,99305,,1,240.00,M62.81,J18.9,E11.9,,,C03,Y
GPP-2026-000223,Layla,Brooks,1958-10-07,NS52445379,Northstar Health Plan,NS401,2026-04-01,2026-04-09,1204831741,Daniel Ortiz,Seabreeze Rehab & Nursing,31,1,99307,,1,70.00,I48.91,L89.154,E11.65,N17.9,,C04,Y
GPP-2026-000226,Liam,Hughes,1957-11-04,CS91906713,Coastal Senior Advantage,CSA77,2026-07-01,2026-07-09,1038518613,Joseph Russell,Clearwater Heart Institute,21,1,99232,,1,140.00,Z74.09,M62.81,R26.89,I48.91,,C04,Y
GPP-2026-000228,Ava,Gomez,1962-11-03,CS23339487,Coastal Senior Advantage,CSA77,2026-04-29,2026-05-05,1425271610,Emma Brooks,Harborview Care Center,31,1,99306,,1,310.00,I48.91,Z74.09,J96.01,M62.81,,C04,Y
GPP-2026-000230,Mateo,Reyes,1942-08-09,SM12587272,Sunshine Medicaid Partners,SMP12,2026-02-23,2026-03-02,1743559571,Maya Patel,Oakwood Skilled Nursing Center,31,1,99305,,1,240.00,J96.01,R53.81,E11.9,,,C08,N
GPP-2026-000231,Aria,Powell,1962-08-06,MP62313659,Meridian PPO,MRD55,2026-03-13,2026-03-20,1743559571,Maya Patel,Clearwater Heart Institute,21,1,99223,,1,330.00,R26.89,N17.9,,,,C03,N
GPP-2026-000234,Hannah,Stone,1942-06-03,MP25257150,Meridian PPO,MRD55,2026-03-03,2026-07-01,1778873939,Ryan Diaz,Bayfront Regional Medical Center,21,1,99233,,1,205.00,I50.9,L89.154,E11.65,N18.30,,C03,N
GPP-2026-000235,Isabella,Diaz,1951-04-17,NS43391252,Northstar Health Plan,NS401,2026-07-30,2026-08-05,1290065238,Riya Wolfe,Clearwater Heart Institute,21,1,99232,,1,140.00,I48.91,E87.1,I10,,,C08,Y
GPP-2026-000237,Benjamin,Bennett,1947-02-05,CS39936294,Coastal Senior Advantage,CSA77,2026-01-10,2026-01-16,1743559571,Maya Patel,Seabreeze Rehab & Nursing,31,1,99305,,1,240.00,R26.89,A41.9,L89.154,,,C04,N
GPP-2026-000239,Grace,Bennett,1943-03-05,NS97464939,Northstar Health Plan,NS401,2026-08-15,2026-08-17,1038518613,Joseph Russell,St. Anselm Hospital,21,1,99233,25,1,205.00,R26.89,E11.65,,,,C07,Y
GPP-2026-000239,Grace,Bennett,1943-03-05,NS97464939,Northstar Health Plan,NS401,2026-08-15,2026-08-17,1038518613,Joseph Russell,St. Anselm Hospital,21,2,31500,,1,260.00,R26.89,E11.65,,,,C07,Y
GPP-2026-000241,Isabella,Hughes,1945-10-05,NS93556075,Northstar Health Plan,NS401,2026-06-16,2026-06-22,1290065238,Riya Wolfe,Palm Harbor General Hospital,21,1,99238,,1,130.00,I10,J18.9,,,,C02,N
GPP-2026-000242,David,Hughes,1946-06-04,SM99301175,Sunshine Medicaid Partners,SMP12,2026-06-21,2026-06-28,1743559571,Maya Patel,Seabreeze Rehab & Nursing,31,1,99304,,1,170.00,M62.81,,,,,C05,N
GPP-2026-000244,Aarav,Sanders,1941-03-12,MP37395348,Meridian PPO,MRD55,2026-06-29,2026-07-10,1204831741,Daniel Ortiz,Gulf Pines Medical Center,21,1,99233,,1,205.00,R26.89,R53.81,,,,C02,Y
GPP-2026-000245,Lily,Ramirez,1957-09-07,CS95843181,Coastal Senior Advantage,CSA77,2026-04-16,2026-04-24,1038518613,Joseph Russell,Clearwater Heart Institute,21,1,99222,,1,245.00,I48.91,,,,,C06,N
GPP-2026-000248,Mateo,Wallace,1942-06-24,SM93872213,Sunshine Medicaid Partners,SMP12,2026-05-26,2026-06-05,1884992904,Ethan Pierce,Harborview Care Center,31,1,99309,,1,150.00,J18.9,Z74.09,E87.1,,,C05,Y
GPP-2026-000251,Daniel,Ortiz,1958-07-11,CS89523326,Coastal Senior Advantage,CSA77,2026-08-25,2026-09-03,1884992904,Ethan Pierce,Seabreeze Rehab & Nursing,31,1,99306,,1,310.00,I10,A41.9,I48.91,D64.9,,C03,Y
GPP-2026-000252,Aarav,Powell,1953-10-08,CS29580951,Coastal Senior Advantage,CSA77,2026-03-23,2026-03-28,1272117833,Mia Hughes,Harborview Care Center,31,1,99307,,1,70.00,J96.01,,,,,C03,N
GPP-2026-000255,Mia,Ross,1950-05-11,SM68619588,Sunshine Medicaid Partners,SMP12,2026-03-16,2026-03-18,1684726395,Chloe Shah,Gulf Pines Medical Center,21,1,99223,,1,330.00,M62.81,J44.1,E87.1,R26.89,,C08,N
GPP-2026-000256,Harper,Long,1961-03-18,SM83042363,Sunshine Medicaid Partners,SMP12,2026-06-24,2026-06-28,1204831741,Daniel Ortiz,Harborview Care Center,31,1,99307,,1,70.00,A41.9,J18.9,E11.65,,,C03,Y
GPP-2026-000257,Zoe,Ward,1952-08-04,MP86307669,Meridian PPO,MRD55,2026-05-10,2026-05-15,1778873939,Ryan Diaz,Clearwater Heart Institute,21,1,99232,,1,140.00,R26.89,L89.154,,,,C01,N
GPP-2026-000259,Noah,Nguyen,1939-07-26,SM27508850,Sunshine Medicaid Partners,SMP12,2026-07-26,2026-08-07,1436730950,Maya Ortiz,St. Anselm Hospital,21,1,99223,,1,330.00,I10,R53.81,M62.81,,,C02,N
GPP-2026-000262,Ava,Sanders,1944-02-19,CS85669428,Coastal Senior Advantage,CSA77,2026-06-13,2026-06-23,1234301301,Lily Rivera,Oakwood Skilled Nursing Center,31,1,99306,,1,310.00,R26.89,I10,J18.9,,,C08,Y
GPP-2026-000265,Chloe,Pierce,1947-07-02,CS22267909,Coastal Senior Advantage,CSA77,2026-08-17,2026-08-23,1222921193,Caleb Rivera,Seabreeze Rehab & Nursing,31,1,99309,,1,150.00,Z74.09,R26.89,N17.9,,,C07,Y
GPP-2026-000268,Maya,Ross,1953-05-24,NS47413099,Northstar Health Plan,NS401,2026-03-27,2026-03-29,1024533220,Evelyn Ortiz,Seabreeze Rehab & Nursing,31,1,99306,,1,310.00,L89.154,R53.81,J18.9,,,C07,N
GPP-2026-000270,Aarav,Pierce,1948-09-18,NS58268746,Northstar Health Plan,NS401,2026-05-04,2026-05-15,1726463346,Mia Hayes,St. Anselm Hospital,21,1,99239,,1,190.00,R26.89,I48.91,J96.01,,,C06,N
GPP-2026-000272,Chloe,Lane,1959-10-05,SM38132477,Sunshine Medicaid Partners,SMP12,2026-04-22,2026-05-02,1038518613,Joseph Russell,Bayfront Regional Medical Center,21,1,99239,,1,190.00,I10,,,,,C06,N
GPP-2026-000274,Ryan,Burke,1955-10-03,SM78046446,Sunshine Medicaid Partners,SMP12,2026-06-11,2026-06-21,1624878819,Hannah Brooks,Harborview Care Center,31,1,99309,,1,150.00,I10,M62.81,,,,C06,Y
GPP-2026-000276,Harper,Jenkins,1939-07-25,SM97996809,Sunshine Medicaid Partners,SMP12,2026-07-18,2026-07-30,1234301301,Lily Rivera,Oakwood Skilled Nursing Center,31,1,99309,,1,150.00,L89.154,,,,,C07,Y
GPP-2026-000278,Olivia,Pierce,1952-07-28,NS97359318,Northstar Health Plan,NS401,2026-01-07,2026-01-14,1272117833,Mia Hughes,Seabreeze Rehab & Nursing,31,1,99310,,1,215.00,J18.9,M62.81,,,,C06,N
GPP-2026-000280,Hannah,Carter,1955-11-18,CS12636611,Coastal Senior Advantage,CSA77,2026-03-31,2026-04-04,1262252103,Samuel Pierce,Harborview Care Center,31,1,99308,,1,110.00,J96.01,I48.91,,,,C01,N
GPP-2026-000282,Caleb,Nguyen,1950-08-05,SM28403078,Sunshine Medicaid Partners,SMP12,2026-04-11,2026-04-19,1489356778,Benjamin Carter,Clearwater Heart Institute,21,1,99221,,1,180.00,D64.9,M62.81,,,,C03,N
GPP-2026-000285,Aarav,Ward,1955-06-05,CS33574469,Coastal Senior Advantage,CSA77,2026-03-22,2026-03-28,1024533220,Evelyn Ortiz,Clearwater Heart Institute,21,1,99233,,1,205.00,R26.89,N17.9,,,,C03,Y
GPP-2026-000286,Noah,Ortiz,1938-08-20,NS26784192,Northstar Health Plan,NS401,2026-07-24,2026-07-27,1247459963,Aarav Ross,Gulf Pines Medical Center,21,1,99232,,1,140.00,L89.154,Z74.09,M62.81,,,C05,Y
GPP-2026-000287,Ryan,Shah,1956-03-08,NS51764059,Northstar Health Plan,NS401,2026-05-26,2026-06-03,1436730950,Maya Ortiz,St. Anselm Hospital,21,1,99233,,1,205.00,Z74.09,E11.9,L89.154,M62.81,,C07,Y
GPP-2026-000289,Ava,Gomez,1962-11-03,NS17993507,Northstar Health Plan,NS401,2026-07-31,2026-08-12,1624878819,Hannah Brooks,Gulf Pines Medical Center,21,1,99231,,1,95.00,E87.1,A41.9,J96.01,,,C08,N
GPP-2026-000290,Evelyn,Diaz,1959-01-25,NS75935466,Northstar Health Plan,NS401,2026-06-25,2026-07-07,1038518613,Joseph Russell,Bayfront Regional Medical Center,21,1,99233,,1,205.00,J44.1,R53.81,,,,C04,Y
GPP-2026-000292,Noah,Morales,1951-11-26,CS85536986,Coastal Senior Advantage,CSA77,2026-07-01,2026-07-13,1243255894,James Rivera,Harborview Care Center,31,1,99305,,1,240.00,E87.1,A41.9,,,,C06,Y
GPP-2026-000295,Aarav,Pierce,1948-09-18,MP99344847,Meridian PPO,MRD55,2026-03-12,2026-03-18,1743559571,Maya Patel,Clearwater Heart Institute,21,1,99223,,1,330.00,M62.81,R26.89,J18.9,I10,,C01,Y
GPP-2026-000297,Ava,Russell,1939-04-19,MP33878492,Meridian PPO,MRD55,2026-07-28,2026-07-31,1726463346,Mia Hayes,Palm Harbor General Hospital,21,1,99232,,1,140.00,I10,I50.9,R26.89,,,C05,Y
GPP-2026-000298,Amelia,Ward,1941-09-12,CS74432670,Coastal Senior Advantage,CSA77,2026-01-19,2026-01-25,1603023783,Arjun Dunn,Palm Harbor General Hospital,21,1,99238,,1,130.00,M62.81,E11.65,E87.1,I50.9,,C07,Y
GPP-2026-000300,Joseph,Foster,1952-09-12,SM81439109,Sunshine Medicaid Partners,SMP12,2026-05-26,2026-05-29,1204831741,Daniel Ortiz,Harborview Care Center,31,1,99306,,1,310.00,N18.30,,,,SMPA299909,C07,N
GPP-2026-000301,Ethan,Shah,1958-12-02,SM52130548,Sunshine Medicaid Partners,SMP12,2026-07-23,2026-07-26,1262252103,Samuel Pierce,Palm Harbor General Hospital,21,1,99233,,1,205.00,J96.01,I48.91,Z74.09,,,C06,N
GPP-2026-000303,Grace,Pierce,1961-01-06,NS24155866,Northstar Health Plan,NS401,2026-01-17,2026-01-23,1024533220,Evelyn Ortiz,St. Anselm Hospital,21,1,99231,,1,95.00,J44.1,J18.9,,,,C08,Y
GPP-2026-000305,Henry,Gomez,1939-09-19,CS65786450,Coastal Senior Advantage,CSA77,2026-05-26,2026-06-07,1425271610,Emma Brooks,Harborview Care Center,31,1,99309,,1,150.00,N17.9,J96.01,E87.1,N18.30,,C03,Y
GPP-2026-000306,James,Hughes,1946-05-10,SM18473457,Sunshine Medicaid Partners,SMP12,2026-05-29,2026-06-02,1262252103,Samuel Pierce,Palm Harbor General Hospital,21,1,99238,,1,130.00,J18.9,N18.30,A41.9,,,C07,N
GPP-2026-000307,Nathan,Morales,1939-07-11,NS11282269,Northstar Health Plan,NS401,2026-01-16,2026-01-22,1024533220,Evelyn Ortiz,Seabreeze Rehab & Nursing,31,1,99305,,1,240.00,D64.9,E11.65,,,,C02,Y
GPP-2026-000308,Liam,Wallace,1938-11-05,MP63827162,Meridian PPO,MRD55,2026-08-09,2026-08-16,1603023783,Arjun Dunn,Magnolia Post-Acute,31,1,99309,,1,150.00,J96.01,,,,,C08,Y
GPP-2026-000310,Zoe,Reyes,1944-01-07,NS17100907,Northstar Health Plan,NS401,2026-06-10,2026-06-21,1247459963,Aarav Ross,Oakwood Skilled Nursing Center,31,1,99304,,1,170.00,A41.9,J18.9,I10,,,C01,Y
GPP-2026-000311,Olivia,Shah,1947-07-26,SM30257325,Sunshine Medicaid Partners,SMP12,2026-02-15,2026-02-17,1290065238,Riya Wolfe,St. Anselm Hospital,21,1,99232,,1,140.00,I10,,,,,C03,Y
GPP-2026-000313,Henry,Stone,1943-09-15,NS56920092,Northstar Health Plan,NS401,2026-08-21,2026-08-28,1884992904,Ethan Pierce,Clearwater Heart Institute,21,1,99231,,1,95.00,I50.9,J44.1,N18.30,,,C06,N
GPP-2026-000314,Isabella,Diaz,1951-04-17,MP99323224,Meridian PPO,MRD55,2026-01-26,2026-02-07,1024533220,Evelyn Ortiz,St. Anselm Hospital,21,1,99238,,1,130.00,I50.9,N18.30,M62.81,,,C04,Y
GPP-2026-000316,James,Brooks,1938-01-06,NS49721589,Northstar Health Plan,NS401,2026-07-09,2026-07-12,1572028870,Lily Kim,Gulf Pines Medical Center,21,1,99233,,1,205.00,J96.01,I10,N18.30,D64.9,,C08,N
GPP-2026-000317,Daniel,Burke,1949-04-18,CS26533564,Coastal Senior Advantage,CSA77,2026-04-10,2026-04-16,1624878819,Hannah Brooks,St. Anselm Hospital,21,1,99223,,1,330.00,E87.1,,,,,C08,Y
GPP-2026-000320,Leo,Wallace,1948-09-01,NS64425153,Northstar Health Plan,NS401,2026-05-29,2026-06-07,1222921193,Caleb Rivera,St. Anselm Hospital,21,1,99239,,1,190.00,I48.91,,,,,C07,Y
GPP-2026-000323,Owen,Dunn,1958-11-18,CS50256839,Coastal Senior Advantage,CSA77,2026-04-09,2026-04-11,1872027622,Sofia Jenkins,Gulf Pines Medical Center,21,1,99232,,1,140.00,I48.91,,,,,C01,Y
GPP-2026-000324,Noah,Ortiz,1938-08-20,CS35038565,Coastal Senior Advantage,CSA77,2026-01-08,2026-01-16,1684726395,Chloe Shah,Bayfront Regional Medical Center,21,1,99231,,1,95.00,I10,,,,,C02,Y
GPP-2026-000325,Layla,Brooks,1958-10-07,MP68924253,Meridian PPO,MRD55,2026-06-18,2026-06-21,1262252103,Samuel Pierce,Harborview Care Center,31,1,99309,,1,150.00,J18.9,,,,,C02,Y
GPP-2026-000327,Emma,Kim,1957-08-05,NS30194823,Northstar Health Plan,NS401,2026-01-10,2026-01-21,1624878819,Hannah Brooks,Magnolia Post-Acute,31,1,99307,,1,70.00,R53.81,,,,,C04,Y
GPP-2026-000330,Sofia,Gomez,1946-06-26,NS90227595,Northstar Health Plan,NS401,2026-01-21,2026-02-01,1180489969,Lily Stone,St. Anselm Hospital,21,1,99223,,1,330.00,Z74.09,J18.9,,,,C06,Y
GPP-2026-000333,Amelia,Brooks,1938-09-27,SM98932621,Sunshine Medicaid Partners,SMP12,2026-02-23,2026-02-28,1204831741,Daniel Ortiz,Gulf Pines Medical Center,21,1,99231,,1,95.00,J18.9,R53.81,R26.89,Z74.09,,C02,Y
GPP-2026-000336,Aarav,Reyes,1949-06-12,CS94561018,Coastal Senior Advantage,CSA77,2026-04-16,2026-04-22,1872027622,Sofia Jenkins,Harborview Care Center,31,1,99309,,1,150.00,E11.65,R53.81,A41.9,N18.30,,C07,Y
GPP-2026-000338,Daniel,Dunn,1958-05-13,CS16882945,Coastal Senior Advantage,CSA77,2026-07-16,2026-07-27,1272117833,Mia Hughes,Clearwater Heart Institute,21,1,99231,,1,95.00,J96.01,,,,,C01,Y
GPP-2026-000339,Joseph,Russell,1943-10-07,NS68810848,Northstar Health Plan,NS401,2026-01-09,2026-01-21,1290065238,Riya Wolfe,Harborview Care Center,31,1,99308,,1,110.00,N18.30,D64.9,,,,C04,N
GPP-2026-000342,Olivia,Reyes,1960-10-06,SM34219658,Sunshine Medicaid Partners,SMP12,2026-03-25,2026-04-02,1872027622,Sofia Jenkins,St. Anselm Hospital,21,1,99238,,1,130.00,E11.65,I48.91,J18.9,M62.81,,C03,Y
GPP-2026-000345,Nathan,Mehta,1953-07-05,NS73091369,Northstar Health Plan,NS401,2026-08-14,2026-08-26,1160142182,Liam Lane,Oakwood Skilled Nursing Center,31,1,99309,,1,150.00,E11.65,J96.01,J44.1,,,C06,Y
GPP-2026-000348,Benjamin,Morales,1962-05-22,SM89003530,Sunshine Medicaid Partners,SMP12,2026-06-11,2026-06-16,1624878819,Hannah Brooks,Oakwood Skilled Nursing Center,31,1,99309,,1,150.00,J18.9,,,,,C02,N
GPP-2026-000349,Nathan,Foster,1961-01-05,CS80727137,Coastal Senior Advantage,CSA77,2026-05-19,2026-05-23,1222921193,Caleb Rivera,Harborview Care Center,31,1,99305,,1,240.00,Z74.09,I10,,,,C05,Y
GPP-2026-000352,Henry,Bennett,1942-02-02,CS32300372,Coastal Senior Advantage,CSA77,2026-01-16,2026-01-24,1272117833,Mia Hughes,Palm Harbor General Hospital,21,1,99232,,1,140.00,I10,N18.30,J96.01,,,C07,N
GPP-2026-000354,Lily,Powell,1950-12-05,MP79700685,Meridian PPO,MRD55,2026-06-27,2026-07-07,1290065238,Riya Wolfe,Oakwood Skilled Nursing Center,31,1,99305,,1,240.00,N17.9,,,,,C05,N
GPP-2026-000356,Harper,Patel,1961-06-23,MP77049506,Meridian PPO,MRD55,2026-05-03,2026-05-06,1872027622,Sofia Jenkins,Gulf Pines Medical Center,21,1,99239,,1,190.00,I48.91,,,,,C08,Y
GPP-2026-000357,Aria,Powell,1948-05-25,CS88729473,Coastal Senior Advantage,CSA77,2026-02-04,2026-02-09,1684726395,Chloe Shah,Gulf Pines Medical Center,21,1,99233,,1,205.00,I50.9,D64.9,I48.91,E11.9,,C07,N
GPP-2026-000360,Joseph,Mehta,1940-01-19,MP44162023,Meridian PPO,MRD55,2026-03-24,2026-03-28,1038518613,Joseph Russell,Gulf Pines Medical Center,21,1,99239,,1,190.00,R26.89,I50.9,,,,C05,Y
GPP-2026-000363,Daniel,Rivera,1941-09-26,NS59828198,Northstar Health Plan,NS401,2026-08-09,2026-08-11,1425271610,Emma Brooks,Gulf Pines Medical Center,21,1,99232,,1,140.00,R53.81,A41.9,J96.01,E11.9,,C06,Y
GPP-2026-000365,Amelia,Brooks,1942-10-11,CS64482843,Coastal Senior Advantage,CSA77,2026-01-07,2026-01-18,1743559571,Maya Patel,Magnolia Post-Acute,31,1,99306,,1,310.00,J44.1,,,,,C03,Y
GPP-2026-000367,Ava,Sanders,1944-02-19,NS75811278,Northstar Health Plan,NS401,2026-06-17,2026-06-20,1234301301,Lily Rivera,Bayfront Regional Medical Center,21,1,99238,,1,130.00,E11.65,,,,,C03,N
GPP-2026-000368,Ryan,Gomez,1946-02-11,NS86847145,Northstar Health Plan,NS401,2026-05-23,2026-05-27,1884992904,Ethan Pierce,Harborview Care Center,31,1,99309,,1,150.00,I50.9,,,,,C02,N
GPP-2026-000371,Zoe,Ward,1952-08-04,NS86969869,Northstar Health Plan,NS401,2026-07-03,2026-07-06,1884992904,Ethan Pierce,Magnolia Post-Acute,31,1,99306,,1,310.00,A41.9,D64.9,E11.65,,,C03,Y
GPP-2026-000374,Joseph,Russell,1945-07-22,MP52895325,Meridian PPO,MRD55,2026-05-07,2026-05-14,1684726395,Chloe Shah,Magnolia Post-Acute,31,1,99306,,1,310.00,R26.89,N17.9,J96.01,,,C05,N
GPP-2026-000375,Grace,Bennett,1947-03-05,CS54923010,Coastal Senior Advantage,CSA77,2026-01-13,2026-01-22,1243255894,James Rivera,Harborview Care Center,31,1,99309,,1,150.00,E11.65,I50.9,L89.154,M62.81,,C04,Y
GPP-2026-000376,Nathan,Burke,1952-11-03,CS10848187,Coastal Senior Advantage,CSA77,2026-06-09,2026-06-19,1262252103,Samuel Pierce,Magnolia Post-Acute,31,1,99306,,1,310.00,E87.1,,,,,C06,Y
GPP-2026-000379,Nathan,Gomez,1943-05-03,NS83514601,Northstar Health Plan,NS401,2026-05-04,2026-05-14,1624878819,Hannah Brooks,Clearwater Heart Institute,21,1,99222,,1,245.00,J44.1,M62.81,E87.1,,,C05,Y
GPP-2026-000382,Joseph,Russell,1961-06-17,NS36181793,Northstar Health Plan,NS401,2026-07-19,2026-07-26,1684726395,Chloe Shah,Clearwater Heart Institute,21,1,99231,,1,95.00,A41.9,N18.30,R53.81,,,C04,Y
GPP-2026-000383,Olivia,Brooks,1938-05-23,SM64722682,Sunshine Medicaid Partners,SMP12,2026-01-15,2026-01-17,1038518613,Joseph Russell,Bayfront Regional Medical Center,21,1,99239,,1,190.00,E11.65,J18.9,,,,C05,N
GPP-2026-000384,Henry,Bennett,1942-02-02,NS37409941,Northstar Health Plan,NS401,2026-04-21,2026-04-30,1234301301,Lily Rivera,Harborview Care Center,31,1,99309,,1,150.00,A41.9,L89.154,E11.9,J18.9,,C08,Y
GPP-2026-000387,Noah,Gomez,1942-02-24,NS53694033,Northstar Health Plan,NS401,2026-02-22,2026-02-28,1262252103,Samuel Pierce,Oakwood Skilled Nursing Center,31,1,99307,,1,70.00,I50.9,,,,,C02,Y
GPP-2026-000388,Grace,Pierce,1954-02-06,MP29226443,Meridian PPO,MRD55,2026-02-24,2026-02-26,1624878819,Hannah Brooks,Clearwater Heart Institute,21,1,99233,,1,205.00,D64.9,Z74.09,I50.9,,,C01,Y
GPP-2026-000389,Nora,Bennett,1941-03-07,CS16876777,Coastal Senior Advantage,CSA77,2026-02-13,2026-02-22,1624878819,Hannah Brooks,Clearwater Heart Institute,21,1,99231,25,1,95.00,N17.9,Z74.09,,,,C08,Y
GPP-2026-000389,Nora,Bennett,1941-03-07,CS16876777,Coastal Senior Advantage,CSA77,2026-02-13,2026-02-22,1624878819,Hannah Brooks,Clearwater Heart Institute,21,2,94002,,1,180.00,N17.9,Z74.09,,,,C08,Y
GPP-2026-000391,Ella,Burke,1958-09-26,NS61618361,Northstar Health Plan,NS401,2026-05-23,2026-05-25,1204831741,Daniel Ortiz,Magnolia Post-Acute,31,1,99309,,1,150.00,Z74.09,E11.9,,,,C07,N
GPP-2026-000392,Sofia,Pierce,1952-01-20,CS68404575,Coastal Senior Advantage,CSA77,2026-04-03,2026-04-08,1243255894,James Rivera,Bayfront Regional Medical Center,21,1,99231,,1,95.00,L89.154,J44.1,I50.9,,,C01,Y
GPP-2026-000394,Samuel,Sanders,1959-10-13,CS13686683,Coastal Senior Advantage,CSA77,2026-07-15,2026-07-25,1243255894,James Rivera,Harborview Care Center,31,1,99309,,1,150.00,N17.9,,,,,C01,N
GPP-2026-000395,Riya,Ortiz,1955-10-11,MP40563840,Meridian PPO,MRD55,2026-07-10,2026-07-16,1222921193,Caleb Rivera,Bayfront Regional Medical Center,21,1,99233,,1,205.00,D64.9,R26.89,,,,C07,Y
GPP-2026-000397,Henry,Rivera,1950-07-10,CS81796173,Coastal Senior Advantage,CSA77,2026-06-10,2026-06-12,1743559571,Maya Patel,Oakwood Skilled Nursing Center,31,1,99309,,1,150.00,J18.9,M62.81,R26.89,N18.30,,C05,Y
GPP-2026-000400,Isabella,Ramirez,1944-06-10,CS23358153,Coastal Senior Advantage,CSA77,2026-06-29,2026-07-07,1160142182,Liam Lane,Seabreeze Rehab & Nursing,31,1,99310,,1,215.00,I10,D64.9,J96.01,R53.81,,C06,N
GPP-2026-000401,Caleb,Griffin,1949-04-22,NS72791125,Northstar Health Plan,NS401,2026-05-22,2026-05-26,1425271610,Emma Brooks,Harborview Care Center,31,1,99304,,1,170.00,R26.89,E11.9,E11.65,Z74.09,,C01,N
GPP-2026-000404,Noah,Gomez,1951-08-05,SM45498567,Sunshine Medicaid Partners,SMP12,2026-04-29,2026-05-10,1180489969,Lily Stone,Seabreeze Rehab & Nursing,31,1,99309,,1,150.00,N18.30,M62.81,,,,C01,N
GPP-2026-000405,Olivia,Shah,1947-07-26,NS34238675,Northstar Health Plan,NS401,2026-08-16,2026-08-21,1243255894,James Rivera,Clearwater Heart Institute,21,1,99238,,1,130.00,M62.81,N18.30,E11.65,I48.91,,C05,Y
GPP-2026-000406,Riya,Long,1960-05-12,CS57259150,Coastal Senior Advantage,CSA77,2026-07-15,2026-07-19,1606169955,Leena Rao,Gulf Pines Medical Center,21,1,99238,,1,130.00,N17.9,L89.154,J96.01,J18.9,,C05,Y
GPP-2026-000408,Sofia,Ward,1944-04-28,SM40049901,Sunshine Medicaid Partners,SMP12,2026-07-18,2026-07-26,1262252103,Samuel Pierce,Magnolia Post-Acute,31,1,99308,,1,110.00,R53.81,I48.91,I50.9,E87.1,,C01,Y
GPP-2026-000411,Mateo,Iyer,1955-10-12,CS29744166,Coastal Senior Advantage,CSA77,2026-02-26,2026-03-09,1726463346,Mia Hayes,St. Anselm Hospital,21,1,99233,,1,205.00,N18.30,E11.65,E87.1,Z74.09,,C08,Y
GPP-2026-000413,James,Bennett,1946-04-09,CS71687608,Coastal Senior Advantage,CSA77,2026-08-25,2026-09-01,1247459963,Aarav Ross,Bayfront Regional Medical Center,21,1,99238,25,1,130.00,J44.1,E11.9,N17.9,,,C03,N
GPP-2026-000413,James,Bennett,1946-04-09,CS71687608,Coastal Senior Advantage,CSA77,2026-08-25,2026-09-01,1247459963,Aarav Ross,Bayfront Regional Medical Center,21,2,94002,,1,180.00,J44.1,E11.9,N17.9,,,C03,N
GPP-2026-000415,Ella,Ortiz,1952-07-13,MP53599420,Meridian PPO,MRD55,2026-07-21,2026-07-24,1024533220,Evelyn Ortiz,St. Anselm Hospital,21,1,99223,25,1,330.00,I10,E11.65,,,,C01,Y
GPP-2026-000415,Ella,Ortiz,1952-07-13,MP53599420,Meridian PPO,MRD55,2026-07-21,2026-07-24,1024533220,Evelyn Ortiz,St. Anselm Hospital,21,2,94002,,1,180.00,I10,E11.65,,,,C01,Y
GPP-2026-000418,Aarav,Iyer,1953-02-14,MP78276476,Meridian PPO,MRD55,2026-07-28,2026-07-31,1436730950,Maya Ortiz,Seabreeze Rehab & Nursing,31,1,99304,,1,170.00,J18.9,R26.89,D64.9,,,C04,N
GPP-2026-000420,James,Wolfe,1944-01-28,NS67471937,Northstar Health Plan,NS401,2026-02-24,2026-03-01,1234301301,Lily Rivera,Oakwood Skilled Nursing Center,31,1,99304,,1,170.00,I50.9,,,,,C01,Y
GPP-2026-000422,Aarav,Jenkins,1953-03-23,SM54451181,Sunshine Medicaid Partners,SMP12,2026-03-24,2026-08-11,1884992904,Ethan Pierce,Seabreeze Rehab & Nursing,31,1,99309,,1,150.00,D64.9,,,,,C03,N
GPP-2026-000424,Amelia,Gomez,1951-08-04,NS88468422,Northstar Health Plan,NS401,2026-08-07,2026-08-10,1743559571,Maya Patel,Seabreeze Rehab & Nursing,31,1,99304,,1,170.00,A41.9,R26.89,,,,C08,N
GPP-2026-000426,Nathan,Diaz,1962-12-25,SM27183024,Sunshine Medicaid Partners,SMP12,2026-08-07,2026-08-16,1180489969,Lily Stone,Harborview Care Center,31,1,99309,,1,150.00,E87.1,R53.81,J18.9,,,C05,N
GPP-2026-000427,Ryan,Bennett,1960-08-16,NS84390116,Northstar Health Plan,NS401,2026-01-05,2026-01-16,1180489969,Lily Stone,Oakwood Skilled Nursing Center,31,1,99310,,1,215.00,J96.01,E11.65,N17.9,N18.30,,C06,N
GPP-2026-000430,Nathan,Long,1962-09-04,MP89511939,Meridian PPO,MRD55,2026-05-07,2026-05-09,1222921193,Caleb Rivera,Seabreeze Rehab & Nursing,31,1,99305,,1,240.00,I10,R26.89,A41.9,N18.30,,C02,N
GPP-2026-000433,Aria,Dunn,1939-09-07,NS34146860,Northstar Health Plan,NS401,2026-02-16,2026-02-18,1243255894,James Rivera,Gulf Pines Medical Center,21,1,99223,25,1,330.00,I10,N18.30,,,,C05,N
GPP-2026-000433,Aria,Dunn,1939-09-07,NS34146860,Northstar Health Plan,NS401,2026-02-16,2026-02-18,1243255894,James Rivera,Gulf Pines Medical Center,21,2,36556,,1,240.00,I10,N18.30,,,,C05,N
GPP-2026-000435,Ethan,Shah,1962-07-09,CS88918450,Coastal Senior Advantage,CSA77,2026-04-26,2026-04-30,1038518613,Joseph Russell,Harborview Care Center,31,1,99308,,1,110.00,E11.65,N18.30,E11.9,R26.89,,C04,Y
GPP-2026-000436,Maya,Reyes,1958-09-12,CS93183991,Coastal Senior Advantage,CSA77,2026-02-08,2026-02-10,1872027622,Sofia Jenkins,Harborview Care Center,31,1,99309,,1,150.00,E11.9,R53.81,N18.30,,,C01,N
GPP-2026-000437,Layla,Burke,1950-04-17,MP15734941,Meridian PPO,MRD55,2026-03-08,2026-03-17,1160142182,Liam Lane,Oakwood Skilled Nursing Center,31,1,99309,,1,150.00,E87.1,,,,,C02,Y
GPP-2026-000438,Henry,Holt,1945-09-17,SM73487273,Sunshine Medicaid Partners,SMP12,2026-04-01,2026-04-08,1222921193,Caleb Rivera,St. Anselm Hospital,21,1,99238,,1,130.00,E11.9,Z74.09,,,,C05,Y
GPP-2026-000439,Riya,Ortiz,1957-10-18,CS72907448,Coastal Senior Advantage,CSA77,2026-05-31,2026-06-03,1243255894,James Rivera,Harborview Care Center,31,1,99307,,1,70.00,E11.9,,,,,C08,N
GPP-2026-000442,Owen,Hughes,1953-08-18,SM86324843,Sunshine Medicaid Partners,SMP12,2026-06-14,2026-06-18,1243255894,James Rivera,Seabreeze Rehab & Nursing,31,1,99309,,1,150.00,E11.65,Z74.09,J18.9,,,C04,Y
GPP-2026-000444,Layla,Burke,1950-02-19,CS40961671,Coastal Senior Advantage,CSA77,2026-03-19,2026-03-28,1425271610,Emma Brooks,Bayfront Regional Medical Center,21,1,99222,,1,245.00,E87.1,J96.01,E11.9,R53.81,,C07,Y
GPP-2026-000446,Noah,Patel,1955-03-28,SM77616678,Sunshine Medicaid Partners,SMP12,2026-06-19,2026-06-24,1160142182,Liam Lane,Oakwood Skilled Nursing Center,31,1,99309,,1,150.00,J18.9,N17.9,R26.89,A41.9,,C04,Y
GPP-2026-000449,Zoe,Reyes,1952-08-21,CS27442270,Coastal Senior Advantage,CSA77,2026-08-26,2026-09-07,1606169955,Leena Rao,Magnolia Post-Acute,31,1,99310,,1,215.00,J18.9,R26.89,E87.1,,,C05,N
GPP-2026-000452,Isaac,Morales,1948-01-02,CS84907754,Coastal Senior Advantage,CSA77,2026-06-12,2026-06-20,1884992904,Ethan Pierce,Clearwater Heart Institute,21,1,99232,,1,140.00,R26.89,D64.9,J18.9,I10,,C08,N
GPP-2026-000454,Layla,Shah,1955-12-27,CS79563366,Coastal Senior Advantage,CSA77,2026-08-07,2026-08-12,1606169955,Leena Rao,Palm Harbor General Hospital,21,1,99239,,1,190.00,R26.89,E11.65,A41.9,,,C06,N
GPP-2026-000455,Nathan,Coleman,1952-04-05,CS38637502,Coastal Senior Advantage,CSA77,2026-07-18,2026-07-29,1204831741,Daniel Ortiz,Gulf Pines Medical Center,21,1,99232,,1,140.00,I10,,,,,C08,N
GPP-2026-000458,Leo,Holt,1958-01-27,NS74817675,Northstar Health Plan,NS401,2026-07-30,2026-08-08,1726463346,Mia Hayes,Palm Harbor General Hospital,21,1,99232,,1,140.00,I50.9,Z74.09,,,,C07,N
GPP-2026-000460,Isaac,Iyer,1938-06-02,SM16466077,Sunshine Medicaid Partners,SMP12,2026-02-19,2026-02-21,1247459963,Aarav Ross,Magnolia Post-Acute,31,1,99304,,1,170.00,R53.81,J96.01,,,SMPA317901,C03,Y
GPP-2026-000461,Caleb,Myers,1962-02-07,SM98803100,Sunshine Medicaid Partners,SMP12,2026-04-26,2026-04-28,1160142182,Liam Lane,Palm Harbor General Hospital,21,1,99238,,1,130.00,I10,I11.9,N18.30,,,C07,N
GPP-2026-000463,Mateo,Diaz,1952-04-19,CS54448126,Coastal Senior Advantage,CSA77,2026-06-30,2026-07-03,1684726395,Chloe Shah,Gulf Pines Medical Center,21,1,99232,,1,140.00,D64.9,,,,,C07,Y
GPP-2026-000465,Isabella,Dunn,1959-12-13,SM53485021,Sunshine Medicaid Partners,SMP12,2026-07-18,2026-07-30,1243255894,James Rivera,Palm Harbor General Hospital,21,1,99231,,1,95.00,R53.81,N18.30,N17.9,,,C06,N
GPP-2026-000467,James,Brooks,1938-01-06,SM98373408,Sunshine Medicaid Partners,SMP12,2026-07-28,2026-08-05,1872027622,Sofia Jenkins,Oakwood Skilled Nursing Center,31,1,99304,,1,170.00,J96.01,I48.91,,,SMPA812495,C08,Y
GPP-2026-000469,Aria,Powell,1962-08-06,NS47247932,Northstar Health Plan,NS401,2026-05-29,2026-06-06,1180489969,Lily Stone,Oakwood Skilled Nursing Center,31,1,99309,,1,150.00,I50.9,,,,,C07,N
GPP-2026-000471,Layla,Brooks,1958-10-07,CS92719679,Coastal Senior Advantage,CSA77,2026-02-21,2026-03-01,1234301301,Lily Rivera,Clearwater Heart Institute,21,1,99232,,1,140.00,J18.9,,,,,C02,Y
GPP-2026-000474,Aria,Bennett,1938-06-19,MP12562436,Meridian PPO,MRD55,2026-05-20,2026-06-01,1624878819,Hannah Brooks,Palm Harbor General Hospital,21,1,99232,25,1,140.00,A41.9,,,,,C03,Y
GPP-2026-000474,Aria,Bennett,1938-06-19,MP12562436,Meridian PPO,MRD55,2026-05-20,2026-06-01,1624878819,Hannah Brooks,Palm Harbor General Hospital,21,2,94002,,1,180.00,A41.9,,,,,C03,Y
GPP-2026-000475,Maya,Nguyen,1944-08-14,MP85773568,Meridian PPO,MRD55,2026-06-28,2026-07-09,1726463346,Mia Hayes,Clearwater Heart Institute,21,1,99231,,1,95.00,A41.9,,,,,C02,N
GPP-2026-000478,Noah,Gomez,1942-02-24,NS70033395,Northstar Health Plan,NS401,2026-07-27,2026-07-30,1624878819,Hannah Brooks,Clearwater Heart Institute,21,1,99239,,1,190.00,I50.9,E11.65,,,,C01,Y
GPP-2026-000479,Isaac,Carter,1955-02-21,CS73467401,Coastal Senior Advantage,CSA77,2026-03-18,2026-03-21,1247459963,Aarav Ross,Palm Harbor General Hospital,21,1,99222,,1,245.00,Z74.09,I10,,,,C01,N
GPP-2026-000481,Isaac,Iyer,1938-06-02,CS77266112,Coastal Senior Advantage,CSA77,2026-02-07,2026-02-15,1180489969,Lily Stone,Bayfront Regional Medical Center,21,1,99238,,1,130.00,I48.91,,,,,C03,Y
GPP-2026-000482,Arjun,Fisher,1961-04-13,NS72316027,Northstar Health Plan,NS401,2026-01-18,2026-01-20,1180489969,Lily Stone,Palm Harbor General Hospital,21,1,99222,,1,245.00,R53.81,D64.9,,,,C05,N
GPP-2026-000484,Caleb,Nguyen,1950-08-05,CS53354701,Coastal Senior Advantage,CSA77,2026-01-26,2026-02-05,1436730950,Maya Ortiz,St. Anselm Hospital,21,1,99239,25,1,190.00,N18.30,I50.9,N17.9,A41.9,,C01,Y
GPP-2026-000484,Caleb,Nguyen,1950-08-05,CS53354701,Coastal Senior Advantage,CSA77,2026-01-26,2026-02-05,1436730950,Maya Ortiz,St. Anselm Hospital,21,2,93010,,1,25.00,N18.30,I50.9,N17.9,A41.9,,C01,Y
GPP-2026-000486,Lucas,Bennett,1961-01-14,CS21870213,Coastal Senior Advantage,CSA77,2026-02-11,2026-02-22,1684726395,Chloe Shah,Magnolia Post-Acute,31,1,99309,,1,150.00,D64.9,,,,,C07,N
GPP-2026-000489,Mia,Lane,1946-09-03,NS42043835,Northstar Health Plan,NS401,2026-05-14,2026-05-23,1290065238,Riya Wolfe,Oakwood Skilled Nursing Center,31,1,99306,,1,310.00,I10,A41.9,I50.9,,,C04,N
GPP-2026-000491,Layla,Carter,1945-11-11,NS68608901,Northstar Health Plan,NS401,2026-05-19,2026-05-25,1243255894,James Rivera,Clearwater Heart Institute,21,1,99232,,1,140.00,I48.91,N17.9,E87.1,,,C03,N
GPP-2026-000494,Noah,Patel,1955-03-28,CS54140769,Coastal Senior Advantage,CSA77,2026-01-10,2026-01-12,1262252103,Samuel Pierce,Clearwater Heart Institute,21,1,99239,,1,190.00,J18.9,,,,,C04,N
GPP-2026-000497,Caleb,Carter,1950-03-26,NS16783814,Northstar Health Plan,NS401,2026-04-10,2026-04-16,1222921193,Caleb Rivera,Bayfront Regional Medical Center,21,1,99231,,1,95.00,J44.1,,,,,C01,Y
GPP-2026-000498,Benjamin,Perry,1957-09-04,NS67794983,Northstar Health Plan,NS401,2026-08-18,2026-08-25,1743559571,Maya Patel,Harborview Care Center,31,1,99306,,1,310.00,E11.65,J44.1,J18.9,,,C05,Y
GPP-2026-000501,Mia,Ross,1950-05-11,SM98296881,Sunshine Medicaid Partners,SMP12,2026-01-22,2026-01-25,1624878819,Hannah Brooks,Gulf Pines Medical Center,21,1,99232,25,1,140.00,Z74.09,E11.65,R26.89,M62.81,,C05,Y
GPP-2026-000501,Mia,Ross,1950-05-11,SM98296881,Sunshine Medicaid Partners,SMP12,2026-01-22,2026-01-25,1624878819,Hannah Brooks,Gulf Pines Medical Center,21,2,36556,,1,240.00,Z74.09,E11.65,R26.89,M62.81,,C05,Y
GPP-2026-000502,Liam,Hughes,1956-10-25,CS89285261,Coastal Senior Advantage,CSA77,2026-01-19,2026-01-22,1489356778,Benjamin Carter,Clearwater Heart Institute,21,1,99223,,1,330.00,J44.1,N18.30,N17.9,I10,,C03,N
GPP-2026-000503,Aarav,Pierce,1948-09-18,SM92058766,Sunshine Medicaid Partners,SMP12,2026-04-14,2026-04-20,1572028870,Lily Kim,Palm Harbor General Hospital,21,1,99221,,1,180.00,N17.9,,,,,C02,N
GPP-2026-000504,Zoe,Reyes,1944-01-07,CS65839240,Coastal Senior Advantage,CSA77,2026-03-18,2026-03-21,1272117833,Mia Hughes,Gulf Pines Medical Center,21,1,99238,,1,130.00,J44.1,,,,,C03,Y
GPP-2026-000505,Sofia,Reyes,1948-03-21,MP85181739,Meridian PPO,MRD55,2026-06-21,2026-06-23,1243255894,James Rivera,Magnolia Post-Acute,31,1,99309,,1,150.00,J96.01,,,,,C07,Y
GPP-2026-000507,Nathan,Coleman,1958-07-07,MP57478913,Meridian PPO,MRD55,2026-07-19,2026-07-26,1024533220,Evelyn Ortiz,Harborview Care Center,31,1,99306,,1,310.00,A41.9,,,,,C03,Y
GPP-2026-000509,Liam,Sanders,1962-11-26,SM67877718,Sunshine Medicaid Partners,SMP12,2026-02-15,2026-02-27,1272117833,Mia Hughes,St. Anselm Hospital,21,1,99232,,1,140.00,E11.65,,,,,C05,N
GPP-2026-000512,Caleb,Morales,1958-11-13,NS72054031,Northstar Health Plan,NS401,2026-06-09,2026-06-21,1884992904,Ethan Pierce,Bayfront Regional Medical Center,21,1,99239,,1,190.00,Z74.09,,,,,C01,N
GPP-2026-000514,Noah,Perry,1952-02-08,NS75919563,Northstar Health Plan,NS401,2026-08-05,2026-08-08,1262252103,Samuel Pierce,Bayfront Regional Medical Center,21,1,99233,25,1,205.00,I48.91,M62.81,D64.9,,,C07,Y
GPP-2026-000514,Noah,Perry,1952-02-08,NS75919563,Northstar Health Plan,NS401,2026-08-05,2026-08-08,1262252103,Samuel Pierce,Bayfront Regional Medical Center,21,2,94002,,1,180.00,I48.91,M62.81,D64.9,,,C07,Y
GPP-2026-000515,Grace,Burke,1958-09-17,CS69181507,Coastal Senior Advantage,CSA77,2026-07-05,2026-07-10,1038518613,Joseph Russell,Gulf Pines Medical Center,21,1,99232,,1,140.00,J96.01,E87.1,A41.9,,,C04,N
GPP-2026-000518,Leo,Kim,1951-10-09,NS62321243,Northstar Health Plan,NS401,2026-08-05,2026-08-14,1234301301,Lily Rivera,St. Anselm Hospital,21,1,99238,,1,130.00,N17.9,,,,,C01,Y
GPP-2026-000519,Henry,Stone,1959-11-05,NS56577576,Northstar Health Plan,NS401,2026-01-25,2026-01-30,1489356778,Benjamin Carter,Bayfront Regional Medical Center,21,1,99232,,1,140.00,D64.9,R26.89,I48.91,L89.154,,C04,N
GPP-2026-000521,Layla,Stone,1938-01-02,SM33163987,Sunshine Medicaid Partners,SMP12,2026-08-02,2026-08-05,1204831741,Daniel Ortiz,Magnolia Post-Acute,31,1,99309,,1,150.00,J18.9,N18.30,Z74.09,,,C06,Y
GPP-2026-000524,Aarav,Ward,1955-06-05,CS34834449,Coastal Senior Advantage,CSA77,2026-07-18,2026-07-20,1606169955,Leena Rao,Gulf Pines Medical Center,21,1,99232,,1,140.00,E11.9,J96.01,I48.91,I10,,C06,Y
GPP-2026-000527,Lucas,Stone,1951-06-02,SM38132075,Sunshine Medicaid Partners,SMP12,2026-08-09,2026-08-14,1222921193,Caleb Rivera,Harborview Care Center,31,1,99305,,1,240.00,I50.9,Z74.09,I10,N18.30,,C04,Y
GPP-2026-000528,Arjun,Perry,1959-08-03,NS61906498,Northstar Health Plan,NS401,2026-08-02,2026-08-14,1204831741,Daniel Ortiz,Oakwood Skilled Nursing Center,31,1,99309,,1,150.00,L89.154,E11.65,J18.9,,,C07,N
GPP-2026-000531,Maya,Reyes,1958-09-12,SM66724010,Sunshine Medicaid Partners,SMP12,2026-06-28,2026-07-01,1038518613,Joseph Russell,Seabreeze Rehab & Nursing,31,1,99304,,1,170.00,M62.81,I50.9,E11.9,,SMPA866322,C04,Y
GPP-2026-000532,Nathan,Foster,1961-01-05,MP12085728,Meridian PPO,MRD55,2026-04-21,2026-05-02,1290065238,Riya Wolfe,Bayfront Regional Medical Center,21,1,99221,,1,180.00,E11.65,J18.9,,,,C03,N
GPP-2026-000534,Emma,Sanders,1938-02-11,NS49521243,Northstar Health Plan,NS401,2026-07-10,2026-07-21,1726463346,Mia Hayes,Palm Harbor General Hospital,21,1,99221,,1,180.00,L89.154,R26.89,,,,C01,Y
GPP-2026-000535,Aarav,Powell,1953-10-08,NS78951771,Northstar Health Plan,NS401,2026-08-21,2026-08-23,1222921193,Caleb Rivera,Harborview Care Center,31,1,99307,,1,70.00,J96.01,J44.1,,,,C04,N
GPP-2026-000536,Harper,Long,1961-03-18,SM80395886,Sunshine Medicaid Partners,SMP12,2026-06-29,2026-07-08,1222921193,Caleb Rivera,St. Anselm Hospital,21,1,99232,,1,140.00,L89.154,I50.9,R26.89,,,C07,Y
GPP-2026-000538,Aria,Morales,1941-07-28,NS98432349,Northstar Health Plan,NS401,2026-06-12,2026-06-23,1425271610,Emma Brooks,Seabreeze Rehab & Nursing,31,1,99309,,1,150.00,Z74.09,E11.9,A41.9,J96.01,,C05,N
GPP-2026-000541,Sofia,Ward,1944-04-28,CS78587741,Coastal Senior Advantage,CSA77,2026-08-10,2026-08-22,1778873939,Ryan Diaz,Gulf Pines Medical Center,21,1,99222,,1,245.00,N18.30,M62.81,R53.81,E11.9,,C01,Y
GPP-2026-000542,Nora,Diaz,1958-10-15,CS77894925,Coastal Senior Advantage,CSA77,2026-06-07,2026-06-11,1684726395,Chloe Shah,St. Anselm Hospital,21,1,99231,,1,95.00,N18.30,,,,,C06,Y
GPP-2026-000543,David,Griffin,1959-04-13,MP47188057,Meridian PPO,MRD55,2026-08-09,2026-08-14,1778873939,Ryan Diaz,Palm Harbor General Hospital,21,1,99221,,1,180.00,D64.9,Z74.09,L89.154,,,C01,Y
GPP-2026-000545,Olivia,Shah,1954-08-21,MP34035086,Meridian PPO,MRD55,2026-08-24,2026-08-26,1262252103,Samuel Pierce,Bayfront Regional Medical Center,21,1,99232,,1,140.00,N17.9,Z74.09,,,,C02,N
GPP-2026-000547,Daniel,Dunn,1958-05-13,MP26337095,Meridian PPO,MRD55,2026-06-07,2026-06-15,1204831741,Daniel Ortiz,Clearwater Heart Institute,21,1,99231,,1,95.00,R53.81,E11.65,I10,J44.1,,C04,N
GPP-2026-000550,Noah,Patel,1955-03-28,NS83619991,Northstar Health Plan,NS401,2026-06-29,2026-07-05,1606169955,Leena Rao,St. Anselm Hospital,21,1,99232,,1,140.00,R53.81,,,,,C03,N
GPP-2026-000551,Leo,Pierce,1942-09-10,CS32194667,Coastal Senior Advantage,CSA77,2026-06-28,2026-07-07,1606169955,Leena Rao,Magnolia Post-Acute,31,1,99308,,1,110.00,I10,E11.65,J18.9,,,C07,N
GPP-2026-000553,Arjun,Reyes,1949-03-17,NS71627955,Northstar Health Plan,NS401,2026-06-19,2026-06-27,1247459963,Aarav Ross,Bayfront Regional Medical Center,21,1,99222,25,1,245.00,N18.30,D64.9,I48.91,,,C07,N
GPP-2026-000553,Arjun,Reyes,1949-03-17,NS71627955,Northstar Health Plan,NS401,2026-06-19,2026-06-27,1247459963,Aarav Ross,Bayfront Regional Medical Center,21,2,31500,,1,260.00,N18.30,D64.9,I48.91,,,C07,N
GPP-2026-000555,Noah,Perry,1952-02-08,MP77272824,Meridian PPO,MRD55,2026-02-03,2026-02-07,1425271610,Emma Brooks,Bayfront Regional Medical Center,21,1,99238,,1,130.00,I50.9,E11.9,D64.9,,,C08,N
GPP-2026-000557,Ryan,Hayes,1949-01-06,SM29028211,Sunshine Medicaid Partners,SMP12,2026-04-29,2026-05-06,1436730950,Maya Ortiz,Magnolia Post-Acute,31,1,99304,,1,170.00,I48.91,J96.01,E11.9,Z74.09,,C07,Y
GPP-2026-000560,Lily,Powell,1950-12-05,MP27551206,Meridian PPO,MRD55,2026-04-21,2026-04-26,1272117833,Mia Hughes,Oakwood Skilled Nursing Center,31,1,99305,,1,240.00,E11.65,,,,,C03,Y
GPP-2026-000562,Ryan,Burke,1955-10-03,SM27951028,Sunshine Medicaid Partners,SMP12,2026-08-10,2026-08-19,1234301301,Lily Rivera,Oakwood Skilled Nursing Center,31,1,99305,,1,240.00,L89.154,I48.91,I50.9,E87.1,,C01,Y
GPP-2026-000565,Nathan,Jenkins,1957-03-08,NS27917857,Northstar Health Plan,NS401,2026-05-12,2026-05-21,1222921193,Caleb Rivera,Harborview Care Center,31,1,99309,,1,150.00,R26.89,,,,,C03,Y
GPP-2026-000568,Ryan,Burke,1955-10-03,NS53216564,Northstar Health Plan,NS401,2026-03-20,2026-03-28,1290065238,Riya Wolfe,Clearwater Heart Institute,21,1,99233,,1,205.00,R53.81,L89.154,,,,C02,N
GPP-2026-000570,David,Griffin,1959-04-13,SM45059386,Sunshine Medicaid Partners,SMP12,2026-03-21,2026-03-31,1160142182,Liam Lane,Bayfront Regional Medical Center,21,1,99232,,1,140.00,A41.9,J96.01,E11.65,,,C08,N
GPP-2026-000571,Sofia,Pierce,1945-09-14,MP69621524,Meridian PPO,MRD55,2026-03-15,2026-07-15,1243255894,James Rivera,Clearwater Heart Institute,21,1,99238,,1,130.00,E87.1,N17.9,,,,C04,N
GPP-2026-000573,Aarav,Ward,1955-06-05,CS69350090,Coastal Senior Advantage,CSA77,2026-01-11,2026-01-16,1038518613,Joseph Russell,Palm Harbor General Hospital,21,1,99233,,1,205.00,R53.81,J96.01,I48.91,N17.9,,C01,Y
GPP-2026-000574,Lily,Griffin,1955-08-20,MP66774147,Meridian PPO,MRD55,2026-04-21,2026-04-24,1272117833,Mia Hughes,Magnolia Post-Acute,31,1,99305,,1,240.00,E11.9,I10,R26.89,,,C07,N
GPP-2026-000575,Evelyn,Diaz,1959-01-25,MP57352638,Meridian PPO,MRD55,2026-04-23,2026-08-11,1624878819,Hannah Brooks,Magnolia Post-Acute,31,1,99309,,1,150.00,M62.81,A41.9,E11.9,,,C03,Y
GPP-2026-000577,Isaac,Mehta,1945-05-23,CS74267197,Coastal Senior Advantage,CSA77,2026-06-24,2026-07-06,1606169955,Leena Rao,Clearwater Heart Institute,21,1,99239,,1,190.00,M62.81,N18.30,,,,C02,Y
GPP-2026-000578,Joseph,Coleman,1940-09-05,MP36906322,Meridian PPO,MRD55,2026-03-02,2026-03-04,1684726395,Chloe Shah,Bayfront Regional Medical Center,21,1,99232,,1,140.00,R26.89,E87.1,D64.9,,,C05,N
GPP-2026-000580,Liam,Sanders,1945-04-17,CS36828065,Coastal Senior Advantage,CSA77,2026-07-08,2026-07-15,1024533220,Evelyn Ortiz,Palm Harbor General Hospital,21,1,99231,,1,95.00,J18.9,E87.1,A41.9,N18.30,,C05,N
GPP-2026-000582,Chloe,Lane,1943-05-07,MP43968955,Meridian PPO,MRD55,2026-03-31,2026-04-09,1038518613,Joseph Russell,Magnolia Post-Acute,31,1,99308,,1,110.00,J44.1,E11.65,E11.9,,,C08,N
GPP-2026-000584,Isaac,Stone,1949-12-09,MP80024839,Meridian PPO,MRD55,2026-08-16,2026-08-22,1180489969,Lily Stone,Bayfront Regional Medical Center,21,1,99232,,1,140.00,M62.81,J44.1,I48.91,N17.9,,C08,Y
GPP-2026-000586,Hannah,Powell,1942-02-09,CS34391655,Coastal Senior Advantage,CSA77,2026-04-21,2026-05-03,1425271610,Emma Brooks,Clearwater Heart Institute,21,1,99238,,1,130.00,Z74.09,,,,,C03,Y
GPP-2026-000588,Joseph,Mehta,1952-01-07,CS50305735,Coastal Senior Advantage,CSA77,2026-07-11,2026-07-23,1606169955,Leena Rao,Clearwater Heart Institute,21,1,99232,,1,140.00,N17.9,,,,,C06,Y
GPP-2026-000591,Ella,Ortiz,1952-07-13,CS14071778,Coastal Senior Advantage,CSA77,2026-02-15,2026-02-25,1160142182,Liam Lane,Clearwater Heart Institute,21,1,99232,,1,140.00,N18.30,J96.01,I10,R53.81,,C05,Y
GPP-2026-000594,Aria,Dunn,1939-09-07,NS93461169,Northstar Health Plan,NS401,2026-01-06,2026-01-10,1204831741,Daniel Ortiz,Clearwater Heart Institute,21,1,99232,,1,140.00,M62.81,I10,E11.9,,,C04,N
GPP-2026-000595,Lucas,Fisher,1938-03-23,CS25535633,Coastal Senior Advantage,CSA77,2026-08-05,2026-08-15,1243255894,James Rivera,Oakwood Skilled Nursing Center,31,1,99305,,1,240.00,J18.9,L89.154,,,,C05,Y
GPP-2026-000597,Amelia,Carter,1959-09-27,NS95964345,Northstar Health Plan,NS401,2026-07-20,2026-07-23,1272117833,Mia Hughes,Clearwater Heart Institute,21,1,99222,,1,245.00,I48.91,R26.89,I50.9,A41.9,,C02,Y
GPP-2026-000600,Arjun,Reyes,1945-09-09,SM49736352,Sunshine Medicaid Partners,SMP12,2026-04-01,2026-04-07,1489356778,Benjamin Carter,St. Anselm Hospital,21,1,99238,,1,130.00,J18.9,E11.9,J96.01,,,C01,N
GPP-2026-000602,Grace,Wallace,1951-05-12,NS11417320,Northstar Health Plan,NS401,2026-01-30,2026-02-04,1872027622,Sofia Jenkins,Bayfront Regional Medical Center,21,1,99232,,1,140.00,J96.01,,,,,C07,Y
GPP-2026-000603,Lucas,Stone,1944-08-05,CS76956066,Coastal Senior Advantage,CSA77,2026-03-13,2026-03-25,1624878819,Hannah Brooks,Palm Harbor General Hospital,21,1,99221,,1,180.00,E87.1,,,,,C05,Y
GPP-2026-000604,Ryan,Reyes,1942-03-22,SM42175470,Sunshine Medicaid Partners,SMP12,2026-02-05,2026-02-11,1436730950,Maya Ortiz,Gulf Pines Medical Center,21,1,99233,,1,205.00,R53.81,Z74.09,L89.154,,,C01,N
GPP-2026-000606,Layla,Ross,1960-03-02,CS61716385,Coastal Senior Advantage,CSA77,2026-01-22,2026-01-26,1234301301,Lily Rivera,Harborview Care Center,31,1,99304,,1,170.00,R26.89,E11.65,,,,C08,Y
GPP-2026-000607,Lucas,Fisher,1938-03-23,CS84325844,Coastal Senior Advantage,CSA77,2026-02-19,2026-02-28,1778873939,Ryan Diaz,St. Anselm Hospital,21,1,99222,,1,245.00,N17.9,,,,,C07,Y
GPP-2026-000608,Olivia,Shah,1947-07-26,NS11379556,Northstar Health Plan,NS401,2026-07-12,2026-07-15,1234301301,Lily Rivera,Oakwood Skilled Nursing Center,31,1,99309,,1,150.00,E11.9,A41.9,,,,C05,Y
GPP-2026-000611,Ava,Perry,1955-10-22,SM18876342,Sunshine Medicaid Partners,SMP12,2026-07-20,2026-07-30,1884992904,Ethan Pierce,Clearwater Heart Institute,21,1,99239,,1,190.00,D64.9,,,,,C08,Y
GPP-2026-000614,Lily,Ross,1961-03-20,CS49634252,Coastal Senior Advantage,CSA77,2026-04-17,2026-04-26,1425271610,Emma Brooks,Clearwater Heart Institute,21,1,99233,25,1,205.00,I10,Z74.09,N17.9,E11.65,,C02,N
GPP-2026-000614,Lily,Ross,1961-03-20,CS49634252,Coastal Senior Advantage,CSA77,2026-04-17,2026-04-26,1425271610,Emma Brooks,Clearwater Heart Institute,21,2,36556,,1,240.00,I10,Z74.09,N17.9,E11.65,,C02,N
GPP-2026-000617,Amelia,Carter,1959-09-27,NS73816481,Northstar Health Plan,NS401,2026-05-11,2026-05-13,1884992904,Ethan Pierce,Bayfront Regional Medical Center,21,1,99231,,1,95.00,I50.9,J44.1,Z74.09,E11.9,,C08,Y
GPP-2026-000618,Isabella,Kim,1959-02-10,SM18013340,Sunshine Medicaid Partners,SMP12,2026-04-06,2026-04-12,1247459963,Aarav Ross,Palm Harbor General Hospital,21,1,99222,,1,245.00,E11.9,A41.9,,,,C05,Y
GPP-2026-000619,Evelyn,Wolfe,1942-08-07,CS18869404,Coastal Senior Advantage,CSA77,2026-04-25,2026-05-05,1272117833,Mia Hughes,Magnolia Post-Acute,31,1,99307,,1,70.00,I48.91,Z74.09,,,,C02,Y
GPP-2026-000621,Ryan,Bennett,1960-08-16,NS35268581,Northstar Health Plan,NS401,2026-05-20,2026-05-30,1436730950,Maya Ortiz,Seabreeze Rehab & Nursing,31,1,99309,,1,150.00,L89.154,J18.9,A41.9,,,C08,Y
GPP-2026-000624,Mateo,Fisher,1947-10-16,MP96121495,Meridian PPO,MRD55,2026-03-10,2026-03-17,1290065238,Riya Wolfe,Clearwater Heart Institute,21,1,99232,,1,140.00,J96.01,Z74.09,M62.81,,,C01,N
GPP-2026-000625,Zoe,Mehta,1949-08-09,NS43806994,Northstar Health Plan,NS401,2026-07-09,2026-07-11,1884992904,Ethan Pierce,Oakwood Skilled Nursing Center,31,1,99310,,1,215.00,I48.91,,,,,C04,Y
GPP-2026-000627,Mia,Gomez,1949-01-03,NS55296638,Northstar Health Plan,NS401,2026-04-25,2026-04-28,1425271610,Emma Brooks,St. Anselm Hospital,21,1,99238,25,1,130.00,Z74.09,E11.65,R53.81,,,C08,Y
GPP-2026-000627,Mia,Gomez,1949-01-03,NS55296638,Northstar Health Plan,NS401,2026-04-25,2026-04-28,1425271610,Emma Brooks,St. Anselm Hospital,21,2,36556,,1,240.00,Z74.09,E11.65,R53.81,,,C08,Y
GPP-2026-000630,Mia,Lane,1946-09-03,NS59073033,Northstar Health Plan,NS401,2026-06-28,2026-07-09,1489356778,Benjamin Carter,Palm Harbor General Hospital,21,1,99223,,1,330.00,E87.1,J18.9,,,,C04,Y
GPP-2026-000631,Ryan,Diaz,1950-08-16,SM97587703,Sunshine Medicaid Partners,SMP12,2026-07-21,2026-07-25,1180489969,Lily Stone,Bayfront Regional Medical Center,21,1,99232,,1,140.00,N18.30,N17.9,J18.9,,,C02,Y
GPP-2026-000632,Nathan,Jenkins,1957-03-08,MP49042354,Meridian PPO,MRD55,2026-03-20,2026-03-24,1262252103,Samuel Pierce,St. Anselm Hospital,21,1,99233,,1,205.00,N18.30,J18.9,N17.9,E11.9,,C06,N
GPP-2026-000632,Nathan,Jenkins,1957-03-08,MP49042354,Meridian PPO,MRD55,2026-03-20,2026-03-24,1262252103,Samuel Pierce,St. Anselm Hospital,21,2,93010,,1,25.00,N18.30,J18.9,N17.9,E11.9,,C06,N
GPP-2026-000634,Isaac,Ross,1946-07-05,NS86994225,Northstar Health Plan,NS401,2026-04-10,2026-04-19,1778873939,Ryan Diaz,Gulf Pines Medical Center,21,1,99232,,1,140.00,Z74.09,R26.89,L89.154,,,C05,Y
GPP-2026-000635,Ava,Gomez,1962-11-03,SM77332562,Sunshine Medicaid Partners,SMP12,2026-04-06,2026-04-16,1436730950,Maya Ortiz,Harborview Care Center,31,1,99310,,1,215.00,Z74.09,J96.01,L89.154,,,C08,Y
GPP-2026-000636,James,Griffin,1939-02-26,SM72325866,Sunshine Medicaid Partners,SMP12,2026-06-24,2026-06-29,1743559571,Maya Patel,Palm Harbor General Hospital,21,1,99233,,1,205.00,A41.9,L89.154,E87.1,E11.65,,C02,N
GPP-2026-000639,Sofia,Carter,1955-04-26,MP39246274,Meridian PPO,MRD55,2026-02-20,2026-02-25,1624878819,Hannah Brooks,Palm Harbor General Hospital,21,1,99232,,1,140.00,R53.81,,,,,C07,N
GPP-2026-000640,Isabella,Wolfe,1954-12-20,NS28090152,Northstar Health Plan,NS401,2026-07-10,2026-07-13,1884992904,Ethan Pierce,St. Anselm Hospital,21,1,99238,,1,130.00,I48.91,N17.9,,,,C05,Y
GPP-2026-000642,Noah,Morales,1951-11-26,SM70647914,Sunshine Medicaid Partners,SMP12,2026-03-01,2026-03-05,1234301301,Lily Rivera,Oakwood Skilled Nursing Center,31,1,99307,,1,70.00,R53.81,E11.65,,,,C08,Y
GPP-2026-000645,Aarav,Jenkins,1953-03-23,MP86175393,Meridian PPO,MRD55,2026-07-05,2026-07-15,1743559571,Maya Patel,Gulf Pines Medical Center,21,1,99233,,1,205.00,J44.1,,,,,C08,N
GPP-2026-000648,Emma,Iyer,1952-07-09,MP11569601,Meridian PPO,MRD55,2026-04-10,2026-04-22,1425271610,Emma Brooks,Palm Harbor General Hospital,21,1,99232,,1,140.00,E11.9,J44.1,,,,C08,N
GPP-2026-000651,Lily,Stone,1946-01-08,SM19414818,Sunshine Medicaid Partners,SMP12,2026-05-30,2026-06-10,1872027622,Sofia Jenkins,Clearwater Heart Institute,21,1,99238,,1,130.00,L89.154,R26.89,N17.9,,,C03,N
GPP-2026-000652,Aarav,Gomez,1940-09-22,CS48392377,Coastal Senior Advantage,CSA77,2026-06-23,2026-07-05,1180489969,Lily Stone,St. Anselm Hospital,21,1,99232,,1,140.00,I10,,,,,C03,Y
GPP-2026-000654,David,Mehta,1956-11-01,NS36764028,Northstar Health Plan,NS401,2026-02-24,2026-02-28,1489356778,Benjamin Carter,Seabreeze Rehab & Nursing,31,1,99310,,1,215.00,M62.81,J44.1,,,,C01,Y
GPP-2026-000655,David,Wolfe,1940-08-14,SM91844039,Sunshine Medicaid Partners,SMP12,2026-03-01,2026-03-07,1872027622,Sofia Jenkins,Seabreeze Rehab & Nursing,31,1,99304,,1,170.00,E87.1,D64.9,J18.9,M62.81,,C03,Y
GPP-2026-000656,Hannah,Powell,1951-01-27,SM40475558,Sunshine Medicaid Partners,SMP12,2026-04-08,2026-04-16,1247459963,Aarav Ross,Magnolia Post-Acute,31,1,99304,,1,170.00,J44.1,I10,,,,C07,Y
GPP-2026-000657,Henry,Ward,1956-04-03,NS16649625,Northstar Health Plan,NS401,2026-03-26,2026-03-30,1778873939,Ryan Diaz,Gulf Pines Medical Center,21,1,99223,,1,330.00,J96.01,I48.91,,,,C03,Y
GPP-2026-000659,Noah,Myers,1949-03-26,CS14458410,Coastal Senior Advantage,CSA77,2026-06-21,2026-07-01,1778873939,Ryan Diaz,Bayfront Regional Medical Center,21,1,99238,,1,130.00,N18.30,E87.1,,,,C06,N
GPP-2026-000661,Isabella,Fisher,1939-07-10,MP51785684,Meridian PPO,MRD55,2026-06-13,2026-06-24,1234301301,Lily Rivera,Magnolia Post-Acute,31,1,99307,,1,70.00,E11.9,Z74.09,J96.01,N17.9,,C02,N
GPP-2026-000662,Ethan,Shah,1958-12-02,CS20564437,Coastal Senior Advantage,CSA77,2026-06-16,2026-06-24,1606169955,Leena Rao,Bayfront Regional Medical Center,21,1,99221,,1,180.00,E11.9,Z74.09,I50.9,,,C05,Y
GPP-2026-000664,Henry,Holt,1945-09-17,MP64163593,Meridian PPO,MRD55,2026-04-06,2026-04-17,1872027622,Sofia Jenkins,Oakwood Skilled Nursing Center,31,1,99308,,1,110.00,N17.9,J96.01,,,,C01,N
GPP-2026-000667,Zoe,Reyes,1944-01-07,NS97855787,Northstar Health Plan,NS401,2026-02-27,2026-03-09,1038518613,Joseph Russell,St. Anselm Hospital,21,1,99233,,1,205.00,N18.30,L89.154,E87.1,,,C06,Y
GPP-2026-000669,Mia,Reyes,1962-02-19,NS79321404,Northstar Health Plan,NS401,2026-07-15,2026-07-24,1489356778,Benjamin Carter,Gulf Pines Medical Center,21,1,99223,,1,330.00,L89.154,,,,,C05,Y
GPP-2026-000670,David,Griffin,1938-08-13,CS66263382,Coastal Senior Advantage,CSA77,2026-06-13,2026-06-23,1726463346,Mia Hayes,Gulf Pines Medical Center,21,1,99231,,1,95.00,M62.81,Z74.09,,,,C06,N
GPP-2026-000673,Ella,Morales,1940-02-22,NS99626495,Northstar Health Plan,NS401,2026-01-19,2026-01-26,1204831741,Daniel Ortiz,Palm Harbor General Hospital,21,1,99222,,1,245.00,J44.1,J18.9,,,,C06,Y
GPP-2026-000676,Isaac,Ross,1946-07-05,CS97975854,Coastal Senior Advantage,CSA77,2026-07-06,2026-07-15,1234301301,Lily Rivera,Seabreeze Rehab & Nursing,31,1,99309,,1,150.00,M62.81,J18.9,,,,C06,Y
GPP-2026-000677,Lucas,Kim,1962-10-20,NS57630676,Northstar Health Plan,NS401,2026-06-19,2026-07-01,1290065238,Riya Wolfe,Bayfront Regional Medical Center,21,1,99233,,1,205.00,J18.9,,,,,C05,Y
GPP-2026-000680,Noah,Kim,1945-08-17,NS49089819,Northstar Health Plan,NS401,2026-06-02,2026-06-12,1603023783,Arjun Dunn,Gulf Pines Medical Center,21,1,99233,,1,205.00,E11.9,E11.65,D64.9,N17.9,,C06,Y
GPP-2026-000682,Amelia,Ortiz,1953-02-11,NS70888028,Northstar Health Plan,NS401,2026-04-16,2026-04-25,1272117833,Mia Hughes,Magnolia Post-Acute,31,1,99310,,1,215.00,J18.9,I10,,,,C05,N
GPP-2026-000683,Lily,Burke,1944-11-02,CS53701333,Coastal Senior Advantage,CSA77,2026-02-03,2026-02-09,1160142182,Liam Lane,Oakwood Skilled Nursing Center,31,1,99305,,1,240.00,M62.81,R26.89,E11.65,N17.9,,C07,Y
GPP-2026-000684,Layla,Perry,1949-06-23,SM71726537,Sunshine Medicaid Partners,SMP12,2026-08-15,2026-08-22,1024533220,Evelyn Ortiz,Bayfront Regional Medical Center,21,1,99238,,1,130.00,I10,I11.9,A41.9,I50.9,,C07,Y
GPP-2026-000685,James,Wolfe,1944-01-28,NS89798629,Northstar Health Plan,NS401,2026-01-08,2026-01-13,1436730950,Maya Ortiz,Clearwater Heart Institute,21,1,99221,,1,180.00,N18.30,L89.154,A41.9,,,C05,Y
GPP-2026-000686,David,Wolfe,1941-07-18,MP12340923,Meridian PPO,MRD55,2026-01-14,2026-01-25,1884992904,Ethan Pierce,Gulf Pines Medical Center,21,1,99232,,1,140.00,J96.01,I10,,,,C07,N
GPP-2026-000687,Harper,Ramirez,1952-01-17,SM45755891,Sunshine Medicaid Partners,SMP12,2026-04-12,2026-04-20,1726463346,Mia Hayes,Seabreeze Rehab & Nursing,31,1,99304,,1,170.00,Z74.09,,,,,C07,N
GPP-2026-000690,Chloe,Patel,1961-10-10,MP68397127,Meridian PPO,MRD55,2026-06-21,2026-06-24,1247459963,Aarav Ross,St. Anselm Hospital,21,1,99232,,1,140.00,M62.81,,,,,C06,Y
GPP-2026-000691,James,Brooks,1938-01-06,CS27766803,Coastal Senior Advantage,CSA77,2026-06-25,2026-07-03,1884992904,Ethan Pierce,Oakwood Skilled Nursing Center,31,1,99304,,1,170.00,I10,I50.9,,,,C03,N
GPP-2026-000692,Chloe,Long,1942-09-05,CS61364937,Coastal Senior Advantage,CSA77,2026-08-21,2026-08-31,1222921193,Caleb Rivera,St. Anselm Hospital,21,1,99221,,1,180.00,M62.81,R26.89,I48.91,J44.1,,C05,Y
GPP-2026-000695,Layla,Jenkins,1941-05-03,NS96883674,Northstar Health Plan,NS401,2026-02-06,2026-02-13,1204831741,Daniel Ortiz,Clearwater Heart Institute,21,1,99233,,1,205.00,I10,N18.30,Z74.09,,,C02,Y
GPP-2026-000698,Evelyn,Foster,1956-02-16,SM13095355,Sunshine Medicaid Partners,SMP12,2026-05-30,2026-06-01,1272117833,Mia Hughes,St. Anselm Hospital,21,1,99238,,1,130.00,R53.81,A41.9,,,,C08,N
GPP-2026-000701,Zoe,Dunn,1959-04-19,CS89742676,Coastal Senior Advantage,CSA77,2026-07-18,2026-07-29,1572028870,Lily Kim,St. Anselm Hospital,21,1,99233,,1,205.00,R26.89,N18.30,,,,C06,N
GPP-2026-000701,Zoe,Dunn,1959-04-19,CS89742676,Coastal Senior Advantage,CSA77,2026-07-18,2026-07-29,1572028870,Lily Kim,St. Anselm Hospital,21,2,94002,,1,180.00,R26.89,N18.30,,,,C06,N
GPP-2026-000703,Daniel,Burke,1949-04-18,MP81185303,Meridian PPO,MRD55,2026-03-11,2026-03-18,1024533220,Evelyn Ortiz,Palm Harbor General Hospital,21,1,99238,,1,130.00,M62.81,,,,,C06,N
GPP-2026-000706,David,Long,1938-05-19,NS71128362,Northstar Health Plan,NS401,2026-05-18,2026-05-29,1204831741,Daniel Ortiz,Clearwater Heart Institute,21,1,99222,25,1,245.00,A41.9,E11.65,,,,C04,N
GPP-2026-000706,David,Long,1938-05-19,NS71128362,Northstar Health Plan,NS401,2026-05-18,2026-05-29,1204831741,Daniel Ortiz,Clearwater Heart Institute,21,2,31500,,1,260.00,A41.9,E11.65,,,,C04,N
GPP-2026-000709,Isaac,Stone,1949-12-09,CS51748593,Coastal Senior Advantage,CSA77,2026-08-11,2026-08-16,1606169955,Leena Rao,Clearwater Heart Institute,21,1,99232,25,1,140.00,J18.9,Z74.09,L89.154,E11.9,,C08,N
GPP-2026-000709,Isaac,Stone,1949-12-09,CS51748593,Coastal Senior Advantage,CSA77,2026-08-11,2026-08-16,1606169955,Leena Rao,Clearwater Heart Institute,21,2,94002,,1,180.00,J18.9,Z74.09,L89.154,E11.9,,C08,N
GPP-2026-000712,Joseph,Russell,1945-07-22,NS20897918,Northstar Health Plan,NS401,2026-08-07,2026-08-14,1290065238,Riya Wolfe,Clearwater Heart Institute,21,1,99233,,1,205.00,I48.91,A41.9,I10,J44.1,,C02,N
GPP-2026-000715,Leo,Pierce,1942-09-10,SM43552695,Sunshine Medicaid Partners,SMP12,2026-05-25,2026-05-29,1624878819,Hannah Brooks,St. Anselm Hospital,21,1,99232,,1,140.00,I48.91,E11.9,J96.01,R26.89,,C02,Y
GPP-2026-000717,Riya,Ortiz,1955-10-11,MP40389506,Meridian PPO,MRD55,2026-03-31,2026-04-03,1024533220,Evelyn Ortiz,Bayfront Regional Medical Center,21,1,99222,,1,245.00,R26.89,J18.9,I10,J44.1,,C06,Y
GPP-2026-000718,Daniel,Rivera,1941-09-26,NS65906092,Northstar Health Plan,NS401,2026-05-19,2026-05-28,1262252103,Samuel Pierce,Gulf Pines Medical Center,21,1,99232,,1,140.00,E11.9,,,,,C02,N
GPP-2026-000720,Maya,Ross,1962-07-27,SM99992767,Sunshine Medicaid Partners,SMP12,2026-01-29,2026-02-10,1024533220,Evelyn Ortiz,Palm Harbor General Hospital,21,1,99221,,1,180.00,I50.9,N18.30,,,,C04,Y
GPP-2026-000723,Emma,Brooks,1938-03-26,CS98848684,Coastal Senior Advantage,CSA77,2026-02-28,2026-03-04,1603023783,Arjun Dunn,Magnolia Post-Acute,31,1,99304,,1,170.00,I50.9,J18.9,,,,C07,Y
GPP-2026-000725,Caleb,Patel,1946-01-27,SM39180730,Sunshine Medicaid Partners,SMP12,2026-04-23,2026-04-29,1272117833,Mia Hughes,Clearwater Heart Institute,21,1,99221,,1,180.00,N17.9,J18.9,L89.154,,,C01,Y
GPP-2026-000727,Caleb,Morales,1958-11-13,SM62348796,Sunshine Medicaid Partners,SMP12,2026-02-18,2026-03-02,1247459963,Aarav Ross,Gulf Pines Medical Center,21,1,99232,,1,140.00,R53.81,E87.1,E11.65,R26.89,,C02,N
GPP-2026-000728,Aarav,Reyes,1949-06-12,CS52423861,Coastal Senior Advantage,CSA77,2026-02-22,2026-03-04,1778873939,Ryan Diaz,Clearwater Heart Institute,21,1,99223,,1,330.00,L89.154,N18.30,A41.9,I48.91,,C01,Y
GPP-2026-000730,Layla,Stone,1938-01-02,MP45346984,Meridian PPO,MRD55,2026-01-10,2026-01-21,1262252103,Samuel Pierce,Bayfront Regional Medical Center,21,1,99232,25,1,140.00,R53.81,,,,,C08,N
GPP-2026-000730,Layla,Stone,1938-01-02,MP45346984,Meridian PPO,MRD55,2026-01-10,2026-01-21,1262252103,Samuel Pierce,Bayfront Regional Medical Center,21,2,94002,,1,180.00,R53.81,,,,,C08,N
GPP-2026-000732,Sofia,Bennett,1960-01-26,MP53887372,Meridian PPO,MRD55,2026-07-19,2026-07-27,1572028870,Lily Kim,Clearwater Heart Institute,21,1,99238,25,1,130.00,E11.9,I48.91,E11.65,E87.1,,C02,N
GPP-2026-000732,Sofia,Bennett,1960-01-26,MP53887372,Meridian PPO,MRD55,2026-07-19,2026-07-27,1572028870,Lily Kim,Clearwater Heart Institute,21,2,94002,,1,180.00,E11.9,I48.91,E11.65,E87.1,,C02,N
GPP-2026-000734,Joseph,Foster,1952-09-12,NS48972186,Northstar Health Plan,NS401,2026-07-15,2026-07-19,1884992904,Ethan Pierce,Clearwater Heart Institute,21,1,99233,,1,205.00,I50.9,,,,,C05,N
GPP-2026-000735,Owen,Iyer,1939-08-27,MP84793130,Meridian PPO,MRD55,2026-05-24,2026-05-30,1262252103,Samuel Pierce,Harborview Care Center,31,1,99307,,1,70.00,J18.9,,,,,C05,Y
GPP-2026-000737,Evelyn,Foster,1956-02-16,CS43290593,Coastal Senior Advantage,CSA77,2026-01-29,2026-02-10,1872027622,Sofia Jenkins,Palm Harbor General Hospital,21,1,99233,,1,205.00,Z74.09,I50.9,A41.9,J18.9,,C02,Y
GPP-2026-000740,Lucas,Pierce,1948-07-11,SM50109586,Sunshine Medicaid Partners,SMP12,2026-08-06,2026-08-14,1024533220,Evelyn Ortiz,Clearwater Heart Institute,21,1,99239,,1,190.00,Z74.09,N18.30,,,,C03,N
GPP-2026-000743,Noah,Perry,1958-04-04,MP90960095,Meridian PPO,MRD55,2026-07-27,2026-08-06,1884992904,Ethan Pierce,Bayfront Regional Medical Center,21,1,99233,,1,205.00,J96.01,Z74.09,,,,C05,N
GPP-2026-000744,Mateo,Wallace,1942-06-24,SM97694463,Sunshine Medicaid Partners,SMP12,2026-07-08,2026-07-15,1038518613,Joseph Russell,Clearwater Heart Institute,21,1,99222,,1,245.00,I48.91,E87.1,D64.9,,,C03,Y
GPP-2026-000747,David,Burke,1947-03-28,CS82393355,Coastal Senior Advantage,CSA77,2026-07-30,2026-08-10,1606169955,Leena Rao,Clearwater Heart Institute,21,1,99222,,1,245.00,D64.9,I10,E11.65,Z74.09,,C02,N
GPP-2026-000750,Lily,Burke,1944-11-02,CS71717524,Coastal Senior Advantage,CSA77,2026-04-18,2026-04-30,1872027622,Sofia Jenkins,Harborview Care Center,31,1,99306,,1,310.00,I48.91,,,,,C03,Y
GPP-2026-000751,Emma,Pierce,1954-11-10,CS18726868,Coastal Senior Advantage,CSA77,2026-01-10,2026-01-14,1624878819,Hannah Brooks,Magnolia Post-Acute,31,1,99304,,1,170.00,J18.9,J96.01,A41.9,N17.9,,C04,Y
GPP-2026-000754,Grace,Bennett,1943-03-05,CS80110577,Coastal Senior Advantage,CSA77,2026-01-18,2026-01-23,1243255894,James Rivera,Magnolia Post-Acute,31,1,99310,,1,215.00,E11.9,A41.9,J96.01,N18.30,,C06,N
GPP-2026-000756,Liam,Hughes,1957-11-04,CS33591305,Coastal Senior Advantage,CSA77,2026-07-03,2026-07-12,1684726395,Chloe Shah,Clearwater Heart Institute,21,1,99239,25,1,190.00,I10,J44.1,N18.30,,,C08,N
GPP-2026-000756,Liam,Hughes,1957-11-04,CS33591305,Coastal Senior Advantage,CSA77,2026-07-03,2026-07-12,1684726395,Chloe Shah,Clearwater Heart Institute,21,2,31500,,1,260.00,I10,J44.1,N18.30,,,C08,N
GPP-2026-000759,Olivia,Ramirez,1950-12-10,NS71524894,Northstar Health Plan,NS401,2026-03-09,2026-03-12,1684726395,Chloe Shah,Oakwood Skilled Nursing Center,31,1,99308,,1,110.00,L89.154,,,,,C02,N
GPP-2026-000761,Lily,Wallace,1940-05-01,MP92881918,Meridian PPO,MRD55,2026-08-16,2026-08-27,1872027622,Sofia Jenkins,Palm Harbor General Hospital,21,1,99238,,1,130.00,I10,I11.9,N18.30,R26.89,,C07,N
GPP-2026-000763,James,Nguyen,1959-06-06,NS22568929,Northstar Health Plan,NS401,2026-01-06,2026-01-10,1262252103,Samuel Pierce,Harborview Care Center,31,1,99309,,1,150.00,I10,L89.154,J44.1,,,C01,Y
GPP-2026-000765,Caleb,Perry,1947-10-17,CS71063404,Coastal Senior Advantage,CSA77,2026-02-23,2026-03-04,1247459963,Aarav Ross,Seabreeze Rehab & Nursing,31,1,99309,,1,150.00,I50.9,J18.9,L89.154,,,C06,N
GPP-2026-000767,Amelia,Coleman,1958-04-20,NS37918077,Northstar Health Plan,NS401,2026-04-19,2026-04-29,1726463346,Mia Hayes,St. Anselm Hospital,21,1,99233,,1,205.00,D64.9,J18.9,,,,C03,N
GPP-2026-000768,Noah,Gomez,1951-08-05,CS54358666,Coastal Senior Advantage,CSA77,2026-07-01,2026-07-08,1606169955,Leena Rao,Oakwood Skilled Nursing Center,31,1,99304,,1,170.00,D64.9,I50.9,A41.9,R26.89,,C02,Y
GPP-2026-000770,Sofia,Carter,1955-04-26,CS18857900,Coastal Senior Advantage,CSA77,2026-06-19,2026-06-30,1684726395,Chloe Shah,Gulf Pines Medical Center,21,1,99221,,1,180.00,I48.91,,,,,C07,N
GPP-2026-000771,Arjun,Dunn,1947-07-27,NS97770000,Northstar Health Plan,NS401,2026-02-09,2026-02-16,1884992904,Ethan Pierce,Clearwater Heart Institute,21,1,99223,,1,330.00,L89.154,E11.65,Z74.09,J18.9,,C07,N
GPP-2026-000773,Ella,Hayes,1952-12-08,CS35157820,Coastal Senior Advantage,CSA77,2026-04-09,2026-04-16,1743559571,Maya Patel,Seabreeze Rehab & Nursing,31,1,99305,,1,240.00,I50.9,E11.9,D64.9,J96.01,,C06,N
GPP-2026-000774,Zoe,Ward,1952-08-04,CS59986071,Coastal Senior Advantage,CSA77,2026-07-10,2026-07-14,1243255894,James Rivera,Palm Harbor General Hospital,21,1,99233,,1,205.00,D64.9,E87.1,,,,C03,N
GPP-2026-000777,Ryan,Diaz,1950-08-16,CS65545819,Coastal Senior Advantage,CSA77,2026-05-15,2026-05-23,1884992904,Ethan Pierce,St. Anselm Hospital,21,1,99223,,1,330.00,I10,I11.9,E11.65,,,C07,N
GPP-2026-000779,Henry,Holt,1945-09-17,MP11269149,Meridian PPO,MRD55,2026-04-05,2026-04-16,1262252103,Samuel Pierce,Oakwood Skilled Nursing Center,31,1,99309,,1,150.00,N17.9,N18.30,D64.9,,,C02,N
GPP-2026-000780,Aarav,Ward,1955-06-05,NS51001528,Northstar Health Plan,NS401,2026-04-12,2026-04-23,1204831741,Daniel Ortiz,Harborview Care Center,31,1,99304,,1,170.00,E11.65,D64.9,N17.9,Z74.09,,C04,N
GPP-2026-000783,Sofia,Bennett,1960-01-26,MP22822078,Meridian PPO,MRD55,2026-06-05,2026-06-16,1038518613,Joseph Russell,Clearwater Heart Institute,21,1,99232,,1,140.00,M62.81,J18.9,E11.9,,,C08,Y
GPP-2026-000784,Harper,Nguyen,1946-04-02,MP55884124,Meridian PPO,MRD55,2026-01-18,2026-01-22,1204831741,Daniel Ortiz,Seabreeze Rehab & Nursing,31,1,99309,,1,150.00,R53.81,L89.154,,,,C02,Y
GPP-2026-000786,Noah,Nguyen,1939-07-26,SM72382532,Sunshine Medicaid Partners,SMP12,2026-06-17,2026-06-19,1234301301,Lily Rivera,Palm Harbor General Hospital,21,1,99221,,1,180.00,Z74.09,N17.9,R26.89,,,C02,Y
GPP-2026-000789,Zoe,Reyes,1944-01-07,CS12984415,Coastal Senior Advantage,CSA77,2026-07-11,2026-07-19,1180489969,Lily Stone,Palm Harbor General Hospital,21,1,99221,25,1,180.00,N18.30,J18.9,Z74.09,,,C05,Y
GPP-2026-000789,Zoe,Reyes,1944-01-07,CS12984415,Coastal Senior Advantage,CSA77,2026-07-11,2026-07-19,1180489969,Lily Stone,Palm Harbor General Hospital,21,2,36556,,1,240.00,N18.30,J18.9,Z74.09,,,C05,Y
GPP-2026-000791,David,Griffin,1938-08-13,NS91684821,Northstar Health Plan,NS401,2026-02-02,2026-02-10,1726463346,Mia Hayes,Seabreeze Rehab & Nursing,31,1,99308,,1,110.00,R53.81,,,,,C08,Y
GPP-2026-000793,Mia,Ross,1950-05-11,CS92555648,Coastal Senior Advantage,CSA77,2026-06-25,2026-06-27,1262252103,Samuel Pierce,Bayfront Regional Medical Center,21,1,99232,,1,140.00,A41.9,J18.9,I10,R26.89,,C08,Y
GPP-2026-000794,Mateo,Reyes,1942-08-09,NS22866100,Northstar Health Plan,NS401,2026-07-05,2026-07-09,1489356778,Benjamin Carter,Gulf Pines Medical Center,21,1,99238,,1,130.00,D64.9,I10,R26.89,,,C04,Y
GPP-2026-000796,Evelyn,Fisher,1946-11-07,NS88924976,Northstar Health Plan,NS401,2026-01-26,2026-02-01,1884992904,Ethan Pierce,Magnolia Post-Acute,31,1,99306,,1,310.00,L89.154,,,,,C02,Y
GPP-2026-000799,Riya,Ortiz,1957-10-18,SM82165548,Sunshine Medicaid Partners,SMP12,2026-03-06,2026-03-09,1272117833,Mia Hughes,Oakwood Skilled Nursing Center,31,1,99310,,1,215.00,I50.9,J44.1,,,,C04,Y
GPP-2026-000802,Sofia,Ward,1944-04-28,CS32148577,Coastal Senior Advantage,CSA77,2026-06-10,2026-06-15,1436730950,Maya Ortiz,Harborview Care Center,31,1,99306,,1,310.00,J44.1,M62.81,N17.9,,,C06,N
GPP-2026-000803,Daniel,Stone,1959-03-22,SM30344653,Sunshine Medicaid Partners,SMP12,2026-01-12,2026-01-23,1743559571,Maya Patel,Clearwater Heart Institute,21,1,99222,,1,245.00,R53.81,,,,,C08,Y
GPP-2026-000806,Aria,Powell,1948-05-25,NS32700941,Northstar Health Plan,NS401,2026-07-14,2026-07-20,1290065238,Riya Wolfe,Seabreeze Rehab & Nursing,31,1,99308,,1,110.00,E87.1,I48.91,J18.9,E11.65,,C02,Y
GPP-2026-000808,Emma,Shah,1958-02-14,CS57613915,Coastal Senior Advantage,CSA77,2026-04-29,2026-05-03,1204831741,Daniel Ortiz,Bayfront Regional Medical Center,21,1,99238,,1,130.00,E87.1,J44.1,,,,C03,Y
GPP-2026-000810,Aarav,Powell,1953-10-08,CS52778781,Coastal Senior Advantage,CSA77,2026-07-28,2026-08-04,1606169955,Leena Rao,Bayfront Regional Medical Center,21,1,99239,,1,190.00,N17.9,J44.1,I48.91,,,C07,N
GPP-2026-000812,Harper,Ramirez,1952-01-17,CS20294564,Coastal Senior Advantage,CSA77,2026-02-05,2026-02-08,1489356778,Benjamin Carter,Bayfront Regional Medical Center,21,1,99238,,1,130.00,J44.1,J96.01,,,,C04,N
GPP-2026-000815,Grace,Bennett,1947-03-05,SM98242243,Sunshine Medicaid Partners,SMP12,2026-08-19,2026-08-25,1024533220,Evelyn Ortiz,Palm Harbor General Hospital,21,1,99238,,1,130.00,I10,I11.9,N17.9,A41.9,,C07,N
GPP-2026-000818,David,Burke,1947-03-28,CS15289928,Coastal Senior Advantage,CSA77,2026-02-25,2026-03-01,1872027622,Sofia Jenkins,Clearwater Heart Institute,21,1,99231,,1,95.00,I48.91,J44.1,M62.81,,,C01,Y
GPP-2026-000821,Aarav,Iyer,1953-02-14,CS49409630,Coastal Senior Advantage,CSA77,2026-04-19,2026-04-30,1234301301,Lily Rivera,St. Anselm Hospital,21,1,99239,,1,190.00,L89.154,N17.9,A41.9,R53.81,,C02,Y
GPP-2026-000823,Olivia,Brooks,1938-05-23,SM54647069,Sunshine Medicaid Partners,SMP12,2026-04-11,2026-04-23,1272117833,Mia Hughes,Harborview Care Center,31,1,99309,,1,150.00,R53.81,,,,,C02,N
GPP-2026-000824,Henry,Stone,1959-11-05,MP58520420,Meridian PPO,MRD55,2026-07-25,2026-07-27,1726463346,Mia Hayes,St. Anselm Hospital,21,1,99231,,1,95.00,Z74.09,N17.9,J44.1,J18.9,,C03,N
GPP-2026-000825,Noah,Hughes,1950-02-27,CS34114499,Coastal Senior Advantage,CSA77,2026-07-31,2026-08-09,1624878819,Hannah Brooks,Palm Harbor General Hospital,21,1,99238,,1,130.00,E11.9,I10,J96.01,,,C02,N
GPP-2026-000827,Isaac,Iyer,1943-02-13,SM28145687,Sunshine Medicaid Partners,SMP12,2026-03-20,2026-03-25,1684726395,Chloe Shah,Magnolia Post-Acute,31,1,99309,,1,150.00,Z74.09,R26.89,I50.9,E11.9,,C02,N
GPP-2026-000830,Leo,Pierce,1942-09-10,CS67907146,Coastal Senior Advantage,CSA77,2026-02-08,2026-02-20,1262252103,Samuel Pierce,Palm Harbor General Hospital,21,1,99233,,1,205.00,R53.81,,,,,C03,N
GPP-2026-000832,Nathan,Burke,1952-11-03,SM40047433,Sunshine Medicaid Partners,SMP12,2026-07-10,2026-07-22,1222921193,Caleb Rivera,St. Anselm Hospital,21,1,99233,,1,205.00,R26.89,I10,R53.81,N17.9,,C06,Y
GPP-2026-000834,Joseph,Reyes,1955-11-26,MP45357418,Meridian PPO,MRD55,2026-01-19,2026-01-29,1262252103,Samuel Pierce,St. Anselm Hospital,21,1,99221,,1,180.00,M62.81,I50.9,,,,C07,Y
GPP-2026-000837,Grace,Pierce,1954-02-06,NS39800406,Northstar Health Plan,NS401,2026-04-07,2026-04-13,1222921193,Caleb Rivera,Harborview Care Center,31,1,99306,,1,310.00,R53.81,,,,,C03,Y
GPP-2026-000839,Nathan,Morales,1939-07-11,NS94526144,Northstar Health Plan,NS401,2026-01-19,2026-01-23,1778873939,Ryan Diaz,Clearwater Heart Institute,21,1,99232,25,1,140.00,I50.9,I10,,,,C06,Y
GPP-2026-000839,Nathan,Morales,1939-07-11,NS94526144,Northstar Health Plan,NS401,2026-01-19,2026-01-23,1778873939,Ryan Diaz,Clearwater Heart Institute,21,2,93010,,1,25.00,I50.9,I10,,,,C06,Y
GPP-2026-000840,Henry,Price,1945-12-05,NS65846384,Northstar Health Plan,NS401,2026-08-21,2026-08-30,1436730950,Maya Ortiz,Oakwood Skilled Nursing Center,31,1,99309,,1,150.00,L89.154,D64.9,I10,,,C07,N
GPP-2026-000843,Olivia,Reyes,1960-10-06,NS61967221,Northstar Health Plan,NS401,2026-01-29,2026-02-01,1778873939,Ryan Diaz,St. Anselm Hospital,21,1,99232,,1,140.00,J96.01,,,,,C02,Y
GPP-2026-000844,James,Hughes,1946-05-10,MP43134645,Meridian PPO,MRD55,2026-04-16,2026-04-20,1024533220,Evelyn Ortiz,Clearwater Heart Institute,21,1,99222,,1,245.00,R26.89,,,,,C03,N
GPP-2026-000845,Layla,Brooks,1958-10-07,CS63990777,Coastal Senior Advantage,CSA77,2026-01-22,2026-01-31,1743559571,Maya Patel,Seabreeze Rehab & Nursing,31,1,99307,,1,70.00,Z74.09,E11.9,R53.81,,,C07,N
GPP-2026-000847,Benjamin,Griffin,1947-08-04,NS56978622,Northstar Health Plan,NS401,2026-05-04,2026-05-07,1180489969,Lily Stone,Oakwood Skilled Nursing Center,31,1,99309,,1,150.00,R26.89,,,,,C06,N
GPP-2026-000849,Lucas,Kim,1962-10-20,CS85492190,Coastal Senior Advantage,CSA77,2026-04-22,2026-04-29,1038518613,Joseph Russell,Gulf Pines Medical Center,21,1,99233,,1,205.00,I10,I11.9,J18.9,E87.1,,C07,N
GPP-2026-000850,Mateo,Ortiz,1948-11-12,NS10842072,Northstar Health Plan,NS401,2026-08-12,2026-08-20,1024533220,Evelyn Ortiz,Bayfront Regional Medical Center,21,1,99223,,1,330.00,I10,I11.9,Z74.09,I50.9,,C08,N
GPP-2026-000853,Henry,Rivera,1950-07-10,NS86111601,Northstar Health Plan,NS401,2026-01-15,2026-01-17,1726463346,Mia Hayes,Magnolia Post-Acute,31,1,99309,,1,150.00,R26.89,J96.01,,,,C06,N
GPP-2026-000854,Ethan,Brooks,1953-01-04,NS12773563,Northstar Health Plan,NS401,2026-01-20,2026-02-01,1234301301,Lily Rivera,Gulf Pines Medical Center,21,1,99233,25,1,205.00,E11.9,A41.9,,,,C08,Y
GPP-2026-000854,Ethan,Brooks,1953-01-04,NS12773563,Northstar Health Plan,NS401,2026-01-20,2026-02-01,1234301301,Lily Rivera,Gulf Pines Medical Center,21,2,94002,,1,180.00,E11.9,A41.9,,,,C08,Y
GPP-2026-000855,Lucas,Hayes,1944-01-13,CS30678414,Coastal Senior Advantage,CSA77,2026-07-19,2026-07-30,1038518613,Joseph Russell,Oakwood Skilled Nursing Center,31,1,99309,,1,150.00,J96.01,Z74.09,D64.9,,,C06,N
GPP-2026-000857,Daniel,Ortiz,1958-07-11,NS11923966,Northstar Health Plan,NS401,2026-05-15,2026-05-19,1160142182,Liam Lane,Oakwood Skilled Nursing Center,31,1,99306,,1,310.00,E11.65,N17.9,I48.91,M62.81,,C04,Y
GPP-2026-000858,Henry,Stone,1943-09-15,SM22182135,Sunshine Medicaid Partners,SMP12,2026-08-23,2026-08-28,1436730950,Maya Ortiz,St. Anselm Hospital,21,1,99222,,1,245.00,J44.1,A41.9,,,,C02,N
GPP-2026-000859,Owen,Iyer,1939-08-27,NS16266379,Northstar Health Plan,NS401,2026-06-30,2026-07-03,1603023783,Arjun Dunn,Oakwood Skilled Nursing Center,31,1,99309,,1,150.00,I48.91,N17.9,N18.30,I10,,C03,Y
GPP-2026-000862,Sofia,Myers,1942-11-05,NS94043985,Northstar Health Plan,NS401,2026-07-25,2026-08-05,1222921193,Caleb Rivera,Bayfront Regional Medical Center,21,1,99223,,1,330.00,L89.154,M62.81,J18.9,,,C01,N
GPP-2026-000865,Ava,Sanders,1944-02-19,CS15383079,Coastal Senior Advantage,CSA77,2026-05-21,2026-05-28,1572028870,Lily Kim,Bayfront Regional Medical Center,21,1,99232,,1,140.00,E11.9,A41.9,,,,C06,N
GPP-2026-000867,Mateo,Perry,1952-03-18,NS56181908,Northstar Health Plan,NS401,2026-05-17,2026-05-21,1436730950,Maya Ortiz,Bayfront Regional Medical Center,21,1,99233,,1,205.00,I10,,,,,C04,N
GPP-2026-000868,Harper,Nguyen,1946-04-02,CS99988879,Coastal Senior Advantage,CSA77,2026-03-09,2026-03-11,1425271610,Emma Brooks,Seabreeze Rehab & Nursing,31,1,99310,,1,215.00,J18.9,M62.81,I10,Z74.09,,C06,N
GPP-2026-000871,Lucas,Stone,1944-08-05,NS52110377,Northstar Health Plan,NS401,2026-06-05,2026-06-10,1234301301,Lily Rivera,Bayfront Regional Medical Center,21,1,99231,,1,95.00,J96.01,I48.91,E11.65,E11.9,,C04,N
GPP-2026-000874,Lily,Price,1956-02-16,CS16525916,Coastal Senior Advantage,CSA77,2026-03-24,2026-04-03,1234301301,Lily Rivera,Oakwood Skilled Nursing Center,31,1,99307,,1,70.00,R53.81,E11.65,,,,C07,Y
GPP-2026-000875,Hannah,Myers,1940-05-07,SM75531030,Sunshine Medicaid Partners,SMP12,2026-02-05,2026-02-11,1234301301,Lily Rivera,Clearwater Heart Institute,21,1,99223,,1,330.00,I10,I11.9,E11.9,J44.1,,C07,Y
GPP-2026-000877,Noah,Perry,1958-04-04,NS59068882,Northstar Health Plan,NS401,2026-05-05,2026-05-08,1603023783,Arjun Dunn,Magnolia Post-Acute,31,1,99307,,1,70.00,L89.154,R53.81,E87.1,I10,,C01,Y
GPP-2026-000880,Henry,Ramirez,1949-11-15,SM55035272,Sunshine Medicaid Partners,SMP12,2026-05-17,2026-05-23,1743559571,Maya Patel,Clearwater Heart Institute,21,1,99239,25,1,190.00,J44.1,D64.9,,,,C05,Y
GPP-2026-000880,Henry,Ramirez,1949-11-15,SM55035272,Sunshine Medicaid Partners,SMP12,2026-05-17,2026-05-23,1743559571,Maya Patel,Clearwater Heart Institute,21,2,36556,,1,240.00,J44.1,D64.9,,,,C05,Y
GPP-2026-000882,Isaac,Hughes,1962-09-05,SM11629194,Sunshine Medicaid Partners,SMP12,2026-05-07,2026-05-14,1160142182,Liam Lane,Oakwood Skilled Nursing Center,31,1,99309,,1,150.00,J96.01,E11.9,,,,C04,Y
GPP-2026-000883,Joseph,Reyes,1955-11-26,SM27335161,Sunshine Medicaid Partners,SMP12,2026-07-06,2026-07-14,1262252103,Samuel Pierce,Oakwood Skilled Nursing Center,31,1,99304,,1,170.00,M62.81,I50.9,,,,C03,N
GPP-2026-000885,Daniel,Stone,1959-03-22,NS77025031,Northstar Health Plan,NS401,2026-08-27,2026-08-29,1872027622,Sofia Jenkins,St. Anselm Hospital,21,1,99231,,1,95.00,N18.30,,,,,C08,Y
GPP-2026-000888,Nathan,Price,1947-04-08,CS80400498,Coastal Senior Advantage,CSA77,2026-01-15,2026-01-23,1024533220,Evelyn Ortiz,Seabreeze Rehab & Nursing,31,1,99308,,1,110.00,J44.1,L89.154,I48.91,I50.9,,C01,Y
GPP-2026-000890,Leo,Wallace,1948-09-01,NS11835889,Northstar Health Plan,NS401,2026-08-24,2026-09-04,1743559571,Maya Patel,Bayfront Regional Medical Center,21,1,99223,,1,330.00,J96.01,I48.91,D64.9,L89.154,,C03,Y
GPP-2026-000891,Owen,Jenkins,1938-06-13,NS84251303,Northstar Health Plan,NS401,2026-02-04,2026-02-10,1222921193,Caleb Rivera,Palm Harbor General Hospital,21,1,99222,,1,245.00,J18.9,A41.9,I10,,,C02,Y
GPP-2026-000893,Nathan,Fisher,1944-10-15,SM30457057,Sunshine Medicaid Partners,SMP12,2026-02-09,2026-02-14,1603023783,Arjun Dunn,Seabreeze Rehab & Nursing,31,1,99307,,1,70.00,N17.9,,,,,C02,N
GPP-2026-000894,Lucas,Fisher,1938-03-23,CS42161969,Coastal Senior Advantage,CSA77,2026-08-18,2026-08-28,1489356778,Benjamin Carter,Palm Harbor General Hospital,21,1,99238,,1,130.00,N17.9,M62.81,N18.30,E11.65,,C04,Y
GPP-2026-000895,Mateo,Diaz,1952-04-19,NS80979965,Northstar Health Plan,NS401,2026-03-04,2026-03-13,1489356778,Benjamin Carter,Gulf Pines Medical Center,21,1,99221,,1,180.00,I48.91,,,,,C05,Y
GPP-2026-000898,Isaac,Carter,1955-02-21,SM61178762,Sunshine Medicaid Partners,SMP12,2026-07-04,2026-07-09,1603023783,Arjun Dunn,Oakwood Skilled Nursing Center,31,1,99305,,1,240.00,N18.30,J44.1,,,,C06,Y
GPP-2026-000899,Hannah,Powell,1951-01-27,SM76406935,Sunshine Medicaid Partners,SMP12,2026-04-10,2026-04-21,1262252103,Samuel Pierce,Harborview Care Center,31,1,99306,,1,310.00,L89.154,,,,SMPA710154,C04,N
GPP-2026-000901,Isabella,Kim,1959-02-10,MP75369931,Meridian PPO,MRD55,2026-08-17,2026-08-23,1884992904,Ethan Pierce,Harborview Care Center,31,1,99310,,1,215.00,E87.1,R53.81,,,,C01,Y
GPP-2026-000903,Olivia,Brooks,1938-05-23,NS70335730,Northstar Health Plan,NS401,2026-04-17,2026-04-27,1425271610,Emma Brooks,Harborview Care Center,31,1,99309,,1,150.00,D64.9,I10,,,,C05,Y
GPP-2026-000904,James,Brooks,1938-01-06,CS24510425,Coastal Senior Advantage,CSA77,2026-02-04,2026-02-12,1024533220,Evelyn Ortiz,Harborview Care Center,31,1,99306,,1,310.00,J18.9,Z74.09,N17.9,,,C07,Y
GPP-2026-000906,Layla,Brooks,1958-10-07,CS51569568,Coastal Senior Advantage,CSA77,2026-03-03,2026-03-15,1204831741,Daniel Ortiz,Harborview Care Center,31,1,99305,,1,240.00,N18.30,,,,,C05,N
GPP-2026-000909,Zoe,Reyes,1950-07-18,MP18190383,Meridian PPO,MRD55,2026-03-21,2026-03-30,1024533220,Evelyn Ortiz,Palm Harbor General Hospital,21,1,99233,,1,205.00,I50.9,J44.1,,,,C01,N
GPP-2026-000910,Benjamin,Ortiz,1957-04-09,NS17766424,Northstar Health Plan,NS401,2026-07-19,2026-07-22,1572028870,Lily Kim,Oakwood Skilled Nursing Center,31,1,99308,,1,110.00,J96.01,Z74.09,,,,C06,Y
GPP-2026-000911,Liam,Mehta,1948-02-25,SM67457354,Sunshine Medicaid Partners,SMP12,2026-05-20,2026-05-25,1038518613,Joseph Russell,St. Anselm Hospital,21,1,99233,25,1,205.00,I50.9,D64.9,,,,C06,Y
GPP-2026-000911,Liam,Mehta,1948-02-25,SM67457354,Sunshine Medicaid Partners,SMP12,2026-05-20,2026-05-25,1038518613,Joseph Russell,St. Anselm Hospital,21,2,31500,,1,260.00,I50.9,D64.9,,,,C06,Y
GPP-2026-000913,Nathan,Gomez,1943-05-03,CS83133291,Coastal Senior Advantage,CSA77,2026-03-24,2026-03-26,1489356778,Benjamin Carter,Palm Harbor General Hospital,21,1,99233,,1,205.00,L89.154,N17.9,I48.91,,,C03,Y
GPP-2026-000914,Caleb,Morales,1958-11-13,MP98299547,Meridian PPO,MRD55,2026-05-10,2026-05-13,1262252103,Samuel Pierce,Gulf Pines Medical Center,21,1,99233,,1,205.00,M62.81,R53.81,N18.30,E11.9,,C05,Y
GPP-2026-000916,Ava,Lane,1950-06-04,NS61795861,Northstar Health Plan,NS401,2026-04-10,2026-04-18,1778873939,Ryan Diaz,Gulf Pines Medical Center,21,1,99233,,1,205.00,M62.81,E87.1,,,,C05,N
GPP-2026-000918,Isabella,Shah,1948-11-18,NS70673315,Northstar Health Plan,NS401,2026-03-12,2026-03-14,1234301301,Lily Rivera,Clearwater Heart Institute,21,1,99223,,1,330.00,R53.81,E11.9,E11.65,,,C04,N
GPP-2026-000921,Ava,Sanders,1944-02-19,MP88058322,Meridian PPO,MRD55,2026-07-02,2026-07-07,1606169955,Leena Rao,Oakwood Skilled Nursing Center,31,1,99309,,1,150.00,E87.1,J18.9,D64.9,,,C02,Y
GPP-2026-000924,Isabella,Fisher,1939-07-10,MP58832329,Meridian PPO,MRD55,2026-03-31,2026-04-08,1204831741,Daniel Ortiz,Bayfront Regional Medical Center,21,1,99233,,1,205.00,L89.154,I48.91,N17.9,,,C04,N
GPP-2026-000925,Lucas,Stone,1951-06-02,NS58520199,Northstar Health Plan,NS401,2026-06-30,2026-07-11,1436730950,Maya Ortiz,Bayfront Regional Medical Center,21,1,99233,,1,205.00,J96.01,E11.65,J18.9,I48.91,,C08,Y
GPP-2026-000928,Benjamin,Bennett,1947-02-05,SM25435911,Sunshine Medicaid Partners,SMP12,2026-04-21,2026-04-25,1743559571,Maya Patel,Gulf Pines Medical Center,21,1,99232,,1,140.00,N17.9,I10,,,,C07,Y
GPP-2026-000929,Caleb,Perry,1947-10-17,NS79677556,Northstar Health Plan,NS401,2026-05-19,2026-05-29,1180489969,Lily Stone,Gulf Pines Medical Center,21,1,99221,,1,180.00,M62.81,I10,I48.91,I50.9,,C06,Y
GPP-2026-000931,James,Ward,1939-02-05,MP93967172,Meridian PPO,MRD55,2026-04-21,2026-04-27,1778873939,Ryan Diaz,Gulf Pines Medical Center,21,1,99238,,1,130.00,A41.9,M62.81,Z74.09,R26.89,,C05,Y
GPP-2026-000933,Isaac,Stone,1949-12-09,CS46001789,Coastal Senior Advantage,CSA77,2026-05-22,2026-06-03,1243255894,James Rivera,Bayfront Regional Medical Center,21,1,99238,,1,130.00,J96.01,I10,,,,C08,N
GPP-2026-000935,Noah,Nguyen,1939-07-26,NS28689065,Northstar Health Plan,NS401,2026-05-14,2026-05-24,1684726395,Chloe Shah,Palm Harbor General Hospital,21,1,99233,,1,205.00,J96.01,I48.91,E87.1,R53.81,,C08,Y
GPP-2026-000937,Ryan,Reyes,1942-03-22,SM87391016,Sunshine Medicaid Partners,SMP12,2026-07-12,2026-07-16,1160142182,Liam Lane,Clearwater Heart Institute,21,1,99232,,1,140.00,I10,I11.9,J96.01,L89.154,,C07,N
GPP-2026-000940,David,Wolfe,1940-08-14,NS91864166,Northstar Health Plan,NS401,2026-04-01,2026-04-09,1262252103,Samuel Pierce,Gulf Pines Medical Center,21,1,99238,25,1,130.00,N17.9,E87.1,M62.81,,,C04,Y
GPP-2026-000940,David,Wolfe,1940-08-14,NS91864166,Northstar Health Plan,NS401,2026-04-01,2026-04-09,1262252103,Samuel Pierce,Gulf Pines Medical Center,21,2,31500,,1,260.00,N17.9,E87.1,M62.81,,,C04,Y
GPP-2026-000942,Ryan,Shah,1956-03-08,SM93896215,Sunshine Medicaid Partners,SMP12,2026-08-16,2026-08-22,1272117833,Mia Hughes,Bayfront Regional Medical Center,21,1,99221,,1,180.00,N18.30,E87.1,R26.89,,,C02,Y
GPP-2026-000945,Isaac,Ross,1946-07-05,NS61626541,Northstar Health Plan,NS401,2026-06-21,2026-06-28,1204831741,Daniel Ortiz,Gulf Pines Medical Center,21,1,99233,,1,205.00,J96.01,I50.9,I48.91,I10,,C06,Y
GPP-2026-000948,Amelia,Dunn,1943-01-20,CS18805693,Coastal Senior Advantage,CSA77,2026-05-24,2026-06-01,1624878819,Hannah Brooks,Palm Harbor General Hospital,21,1,99239,,1,190.00,I10,I11.9,Z74.09,R26.89,,C07,N
GPP-2026-000949,Caleb,Patel,1946-01-27,CS68434532,Coastal Senior Advantage,CSA77,2026-08-10,2026-08-19,1222921193,Caleb Rivera,Oakwood Skilled Nursing Center,31,1,99308,,1,110.00,A41.9,E11.65,,,,C08,N
GPP-2026-000952,Nathan,Burke,1952-11-03,SM63401750,Sunshine Medicaid Partners,SMP12,2026-07-06,2026-07-13,1204831741,Daniel Ortiz,Palm Harbor General Hospital,21,1,99221,,1,180.00,D64.9,M62.81,,,,C04,N
GPP-2026-000955,Caleb,Reyes,1940-10-26,NS84539772,Northstar Health Plan,NS401,2026-06-06,2026-06-13,1425271610,Emma Brooks,Gulf Pines Medical Center,21,1,99231,,1,95.00,R26.89,J96.01,R53.81,,,C07,N
GPP-2026-000957,Aarav,Iyer,1953-02-14,CS18447412,Coastal Senior Advantage,CSA77,2026-04-19,2026-04-30,1743559571,Maya Patel,Harborview Care Center,31,1,99309,,1,150.00,D64.9,Z74.09,J44.1,,,C06,N
GPP-2026-000960,Hannah,Long,1959-10-19,NS48082645,Northstar Health Plan,NS401,2026-05-10,2026-05-22,1603023783,Arjun Dunn,Bayfront Regional Medical Center,21,1,99233,,1,205.00,Z74.09,,,,,C01,Y
GPP-2026-000963,Arjun,Holt,1938-11-20,NS76257972,Northstar Health Plan,NS401,2026-08-18,2026-08-26,1489356778,Benjamin Carter,Clearwater Heart Institute,21,1,99222,,1,245.00,I50.9,,,,,C04,Y
GPP-2026-000966,Grace,Diaz,1959-03-27,NS74147397,Northstar Health Plan,NS401,2026-04-26,2026-05-03,1222921193,Caleb Rivera,Seabreeze Rehab & Nursing,31,1,99307,,1,70.00,N17.9,,,,,C01,Y
GPP-2026-000968,Mateo,Long,1946-10-04,SM18723888,Sunshine Medicaid Partners,SMP12,2026-02-14,2026-02-17,1778873939,Ryan Diaz,Magnolia Post-Acute,31,1,99309,,1,150.00,J96.01,N18.30,,,,C06,N
GPP-2026-000971,Isabella,Diaz,1951-04-17,SM23809567,Sunshine Medicaid Partners,SMP12,2026-04-08,2026-04-16,1160142182,Liam Lane,Bayfront Regional Medical Center,21,1,99239,,1,190.00,J44.1,N17.9,N18.30,L89.154,,C03,Y
GPP-2026-000972,Noah,Nguyen,1939-07-26,CS33988030,Coastal Senior Advantage,CSA77,2026-08-08,2026-08-19,1606169955,Leena Rao,Palm Harbor General Hospital,21,1,99232,,1,140.00,I48.91,A41.9,,,,C02,N
GPP-2026-000975,Chloe,Reyes,1960-09-04,NS69581003,Northstar Health Plan,NS401,2026-01-14,2026-01-25,1425271610,Emma Brooks,Harborview Care Center,31,1,99306,,1,310.00,J18.9,N18.30,,,,C05,N
GPP-2026-000976,Zoe,Dunn,1959-04-19,CS51885835,Coastal Senior Advantage,CSA77,2026-03-13,2026-03-23,1884992904,Ethan Pierce,St. Anselm Hospital,21,1,99223,25,1,330.00,R53.81,,,,,C02,Y
GPP-2026-000976,Zoe,Dunn,1959-04-19,CS51885835,Coastal Senior Advantage,CSA77,2026-03-13,2026-03-23,1884992904,Ethan Pierce,St. Anselm Hospital,21,2,31500,,1,260.00,R53.81,,,,,C02,Y
GPP-2026-000977,Zoe,Dunn,1959-04-19,NS27024912,Northstar Health Plan,NS401,2026-06-25,2026-07-07,1624878819,Hannah Brooks,Palm Harbor General Hospital,21,1,99221,,1,180.00,Z74.09,I50.9,,,,C05,N
GPP-2026-000978,Arjun,Perry,1959-08-03,SM90632312,Sunshine Medicaid Partners,SMP12,2026-03-31,2026-04-12,1743559571,Maya Patel,St. Anselm Hospital,21,1,99239,,1,190.00,E87.1,,,,,C01,N
GPP-2026-000978,Arjun,Perry,1959-08-03,SM90632312,Sunshine Medicaid Partners,SMP12,2026-03-31,2026-04-12,1743559571,Maya Patel,St. Anselm Hospital,21,2,94002,,1,180.00,E87.1,,,,,C01,N
GPP-2026-000979,Isabella,Wolfe,1954-12-20,SM67961463,Sunshine Medicaid Partners,SMP12,2026-07-22,2026-07-24,1726463346,Mia Hayes,Oakwood Skilled Nursing Center,31,1,99309,,1,150.00,J44.1,D64.9,R53.81,J18.9,,C06,Y
GPP-2026-000980,Grace,Ward,1958-11-19,CS99840780,Coastal Senior Advantage,CSA77,2026-08-25,2026-09-06,1606169955,Leena Rao,Harborview Care Center,31,1,99306,,1,310.00,J18.9,I50.9,I10,,SMPA712857,C01,Y
GPP-2026-000982,Aria,Reyes,1944-08-17,NS95815378,Northstar Health Plan,NS401,2026-07-13,2026-07-25,1234301301,Lily Rivera,Bayfront Regional Medical Center,21,1,99232,,1,140.00,N18.30,R53.81,I10,A41.9,,C05,Y
GPP-2026-000983,Mia,Gomez,1949-01-03,NS76106425,Northstar Health Plan,NS401,2026-04-18,2026-04-20,1247459963,Aarav Ross,Clearwater Heart Institute,21,1,99221,,1,180.00,R26.89,I10,,,,C07,N
GPP-2026-000986,Isaac,Hughes,1962-09-05,NS77700491,Northstar Health Plan,NS401,2026-06-13,2026-06-20,1572028870,Lily Kim,Oakwood Skilled Nursing Center,31,1,99309,,1,150.00,M62.81,J44.1,,,,C08,N
GPP-2026-000989,Layla,Wolfe,1945-02-07,CS45707100,Coastal Senior Advantage,CSA77,2026-02-18,2026-02-23,1726463346,Mia Hayes,Harborview Care Center,31,1,99305,,1,240.00,E11.65,A41.9,J44.1,,,C02,N
GPP-2026-000990,Olivia,Shah,1954-08-21,NS66277941,Northstar Health Plan,NS401,2026-02-01,2026-02-08,1204831741,Daniel Ortiz,Gulf Pines Medical Center,21,1,99232,,1,140.00,J96.01,,,,,C01,N
GPP-2026-000993,Ella,Burke,1958-09-26,NS77603575,Northstar Health Plan,NS401,2026-07-04,2026-07-10,1247459963,Aarav Ross,Bayfront Regional Medical Center,21,1,99232,25,1,140.00,I48.91,N18.30,Z74.09,J44.1,,C02,N
GPP-2026-000993,Ella,Burke,1958-09-26,NS77603575,Northstar Health Plan,NS401,2026-07-04,2026-07-10,1247459963,Aarav Ross,Bayfront Regional Medical Center,21,2,31500,,1,260.00,I48.91,N18.30,Z74.09,J44.1,,C02,N
GPP-2026-000995,Lucas,Kim,1962-10-20,NS94687659,Northstar Health Plan,NS401,2026-06-12,2026-06-14,1726463346,Mia Hayes,Clearwater Heart Institute,21,1,99223,25,1,330.00,D64.9,J44.1,R26.89,J18.9,,C08,Y
GPP-2026-000995,Lucas,Kim,1962-10-20,NS94687659,Northstar Health Plan,NS401,2026-06-12,2026-06-14,1726463346,Mia Hayes,Clearwater Heart Institute,21,2,36556,,1,240.00,D64.9,J44.1,R26.89,J18.9,,C08,Y
GPP-2026-000997,Lily,Wallace,1940-05-01,NS94979062,Northstar Health Plan,NS401,2026-02-26,2026-03-01,1603023783,Arjun Dunn,Clearwater Heart Institute,21,1,99223,,1,330.00,E11.9,E11.65,,,,C02,N
GPP-2026-000999,Samuel,Stone,1939-08-01,NS69863988,Northstar Health Plan,NS401,2026-01-25,2026-02-04,1262252103,Samuel Pierce,Magnolia Post-Acute,31,1,99304,,1,170.00,R53.81,I10,J96.01,,,C01,N
GPP-2026-001002,Grace,Pierce,1954-02-06,CS48824655,Coastal Senior Advantage,CSA77,2026-07-24,2026-07-30,1024533220,Evelyn Ortiz,Clearwater Heart Institute,21,1,99232,,1,140.00,D64.9,J44.1,I50.9,,,C02,Y
GPP-2026-001004,Hannah,Pierce,1950-06-28,SM20650780,Sunshine Medicaid Partners,SMP12,2026-05-17,2026-05-22,1290065238,Riya Wolfe,Gulf Pines Medical Center,21,1,99238,,1,130.00,M62.81,I10,D64.9,R53.81,,C03,N
GPP-2026-001007,Aarav,Jenkins,1953-03-23,SM52648057,Sunshine Medicaid Partners,SMP12,2026-04-17,2026-04-26,1204831741,Daniel Ortiz,Magnolia Post-Acute,31,1,99304,,1,170.00,R53.81,L89.154,,,,C05,Y
GPP-2026-001009,Hannah,Pierce,1950-06-28,SM24519817,Sunshine Medicaid Partners,SMP12,2026-04-30,2026-05-09,1684726395,Chloe Shah,Clearwater Heart Institute,21,1,99222,,1,245.00,N17.9,I50.9,,,,C06,Y
GPP-2026-001012,Nora,Diaz,1958-10-15,SM26968089,Sunshine Medicaid Partners,SMP12,2026-05-20,2026-05-24,1436730950,Maya Ortiz,Magnolia Post-Acute,31,1,99308,,1,110.00,J44.1,I48.91,J18.9,E87.1,,C06,Y
GPP-2026-001013,Liam,Sanders,1945-04-17,MP80579875,Meridian PPO,MRD55,2026-07-08,2026-07-11,1684726395,Chloe Shah,Seabreeze Rehab & Nursing,31,1,99310,,1,215.00,L89.154,E11.65,E11.9,,,C02,Y
GPP-2026-001016,Amelia,Coleman,1958-04-20,SM83919239,Sunshine Medicaid Partners,SMP12,2026-08-04,2026-08-07,1160142182,Liam Lane,Bayfront Regional Medical Center,21,1,99232,,1,140.00,I50.9,N17.9,,,,C05,N
GPP-2026-001018,Liam,Nguyen,1955-05-10,SM10602822,Sunshine Medicaid Partners,SMP12,2026-06-25,2026-07-07,1038518613,Joseph Russell,St. Anselm Hospital,21,1,99223,,1,330.00,I10,,,,,C01,N
GPP-2026-001021,Layla,Ross,1951-11-05,NS49066901,Northstar Health Plan,NS401,2026-03-18,2026-03-30,1024533220,Evelyn Ortiz,Gulf Pines Medical Center,21,1,99239,,1,190.00,E11.9,,,,,C08,Y
GPP-2026-001023,Mia,Price,1953-04-25,SM53437169,Sunshine Medicaid Partners,SMP12,2026-02-19,2026-02-24,1726463346,Mia Hayes,Harborview Care Center,31,1,99304,,1,170.00,R26.89,N18.30,Z74.09,,,C04,Y
GPP-2026-001024,James,Ward,1939-02-05,CS66239290,Coastal Senior Advantage,CSA77,2026-02-22,2026-03-02,1624878819,Hannah Brooks,Palm Harbor General Hospital,21,1,99222,25,1,245.00,E87.1,J44.1,E11.65,N18.30,,C03,Y
GPP-2026-001024,James,Ward,1939-02-05,CS66239290,Coastal Senior Advantage,CSA77,2026-02-22,2026-03-02,1624878819,Hannah Brooks,Palm Harbor General Hospital,21,2,36556,,1,240.00,E87.1,J44.1,E11.65,N18.30,,C03,Y
GPP-2026-001027,Amelia,Carter,1959-09-27,NS78879471,Northstar Health Plan,NS401,2026-04-25,2026-05-01,1290065238,Riya Wolfe,Seabreeze Rehab & Nursing,31,1,99309,,1,150.00,I50.9,J96.01,,,,C06,Y
GPP-2026-001030,Layla,Perry,1949-06-23,MP66511886,Meridian PPO,MRD55,2026-04-13,2026-04-23,1024533220,Evelyn Ortiz,Gulf Pines Medical Center,21,1,99239,25,1,190.00,L89.154,,,,,C04,Y
GPP-2026-001030,Layla,Perry,1949-06-23,MP66511886,Meridian PPO,MRD55,2026-04-13,2026-04-23,1024533220,Evelyn Ortiz,Gulf Pines Medical Center,21,2,93010,,1,25.00,L89.154,,,,,C04,Y
GPP-2026-001033,Olivia,Ramirez,1950-12-10,CS30113423,Coastal Senior Advantage,CSA77,2026-04-01,2026-04-12,1778873939,Ryan Diaz,Harborview Care Center,31,1,99306,,1,310.00,R26.89,N17.9,N18.30,,,C01,N
GPP-2026-001035,Emma,Gomez,1958-06-12,SM77030819,Sunshine Medicaid Partners,SMP12,2026-05-31,2026-06-04,1603023783,Arjun Dunn,Bayfront Regional Medical Center,21,1,99233,,1,205.00,J18.9,I10,E11.9,,,C05,N
GPP-2026-001036,Hannah,Dunn,1944-06-18,CS38495997,Coastal Senior Advantage,CSA77,2026-08-18,2026-08-25,1606169955,Leena Rao,Clearwater Heart Institute,21,1,99232,,1,140.00,E87.1,I50.9,L89.154,,,C06,Y
GPP-2026-001039,Caleb,Carter,1950-03-26,NS69924416,Northstar Health Plan,NS401,2026-03-31,2026-04-11,1247459963,Aarav Ross,St. Anselm Hospital,21,1,99232,25,1,140.00,I48.91,,,,,C06,N
GPP-2026-001039,Caleb,Carter,1950-03-26,NS69924416,Northstar Health Plan,NS401,2026-03-31,2026-04-11,1247459963,Aarav Ross,St. Anselm Hospital,21,2,31500,,1,260.00,I48.91,,,,,C06,N
GPP-2026-001040,Nathan,Morales,1939-07-11,NS63255457,Northstar Health Plan,NS401,2026-08-08,2026-08-12,1160142182,Liam Lane,Magnolia Post-Acute,31,1,99307,,1,70.00,I50.9,J44.1,R53.81,,,C05,N
GPP-2026-001043,Zoe,Reyes,1950-07-18,NS92062817,Northstar Health Plan,NS401,2026-07-29,2026-08-07,1425271610,Emma Brooks,Clearwater Heart Institute,21,1,99233,,1,205.00,I10,I11.9,J96.01,R53.81,,C07,N
GPP-2026-001045,Nora,Wolfe,1952-09-16,CS91155173,Coastal Senior Advantage,CSA77,2026-01-21,2026-02-01,1872027622,Sofia Jenkins,Gulf Pines Medical Center,21,1,99239,,1,190.00,Z74.09,A41.9,R53.81,,,C07,Y
GPP-2026-001046,Lucas,Ward,1942-07-12,SM33096202,Sunshine Medicaid Partners,SMP12,2026-07-25,2026-08-01,1247459963,Aarav Ross,Palm Harbor General Hospital,21,1,99239,,1,190.00,E11.65,,,,,C07,Y
GPP-2026-001047,Grace,Wallace,1951-05-12,MP44674247,Meridian PPO,MRD55,2026-01-05,2026-01-09,1160142182,Liam Lane,Palm Harbor General Hospital,21,1,99221,,1,180.00,J18.9,E11.65,L89.154,,,C07,Y
GPP-2026-001049,Isaac,Carter,1947-03-21,NS99084780,Northstar Health Plan,NS401,2026-04-03,2026-04-05,1262252103,Samuel Pierce,Clearwater Heart Institute,21,1,99221,,1,180.00,J44.1,J18.9,,,,C04,Y
GPP-2026-001052,Nathan,Diaz,1962-12-25,SM76971378,Sunshine Medicaid Partners,SMP12,2026-03-14,2026-03-23,1272117833,Mia Hughes,St. Anselm Hospital,21,1,99221,25,1,180.00,I48.91,E11.65,,,,C08,Y
GPP-2026-001052,Nathan,Diaz,1962-12-25,SM76971378,Sunshine Medicaid Partners,SMP12,2026-03-14,2026-03-23,1272117833,Mia Hughes,St. Anselm Hospital,21,2,36556,,1,240.00,I48.91,E11.65,,,,C08,Y
GPP-2026-001054,Noah,Perry,1952-02-08,NS74994572,Northstar Health Plan,NS401,2026-04-23,2026-04-29,1038518613,Joseph Russell,Gulf Pines Medical Center,21,1,99238,,1,130.00,N18.30,,,,,C06,Y
GPP-2026-001056,Lily,Griffin,1941-05-11,SM79296261,Sunshine Medicaid Partners,SMP12,2026-01-24,2026-01-26,1684726395,Chloe Shah,Bayfront Regional Medical Center,21,1,99222,,1,245.00,J18.9,D64.9,,,,C04,Y
GPP-2026-001059,Ethan,Coleman,1956-09-01,CS96215346,Coastal Senior Advantage,CSA77,2026-02-23,2026-03-06,1272117833,Mia Hughes,Clearwater Heart Institute,21,1,99223,,1,330.00,J18.9,J96.01,E11.9,R53.81,,C04,N
GPP-2026-001060,Arjun,Dunn,1947-07-27,SM27369312,Sunshine Medicaid Partners,SMP12,2026-06-30,2026-07-12,1180489969,Lily Stone,St. Anselm Hospital,21,1,99238,,1,130.00,E87.1,N17.9,D64.9,M62.81,,C07,Y
GPP-2026-001060,Arjun,Dunn,1947-07-27,SM27369312,Sunshine Medicaid Partners,SMP12,2026-06-30,2026-07-12,1180489969,Lily Stone,St. Anselm Hospital,21,2,31500,,1,260.00,E87.1,N17.9,D64.9,M62.81,,C07,Y
GPP-2026-001063,Henry,Stone,1943-09-15,SM84153323,Sunshine Medicaid Partners,SMP12,2026-05-25,2026-05-28,1243255894,James Rivera,Oakwood Skilled Nursing Center,31,1,99305,,1,240.00,J18.9,R26.89,J44.1,,,C08,N
GPP-2026-001066,Isaac,Dunn,1938-10-15,NS17894321,Northstar Health Plan,NS401,2026-05-17,2026-05-22,1425271610,Emma Brooks,St. Anselm Hospital,21,1,99232,,1,140.00,E11.65,J96.01,R53.81,,,C04,Y
GPP-2026-001066,Isaac,Dunn,1938-10-15,NS17894321,Northstar Health Plan,NS401,2026-05-17,2026-05-22,1425271610,Emma Brooks,St. Anselm Hospital,21,2,31500,,1,260.00,E11.65,J96.01,R53.81,,,C04,Y
GPP-2026-001067,Emma,Coleman,1949-01-26,CS19344913,Coastal Senior Advantage,CSA77,2026-06-07,2026-06-18,1204831741,Daniel Ortiz,Palm Harbor General Hospital,21,1,99232,,1,140.00,E87.1,N18.30,E11.65,I50.9,,C05,Y
GPP-2026-001068,Lily,Foster,1954-10-12,CS21735918,Coastal Senior Advantage,CSA77,2026-03-02,2026-03-07,1743559571,Maya Patel,Palm Harbor General Hospital,21,1,99232,,1,140.00,L89.154,I10,M62.81,,,C07,Y
GPP-2026-001069,Owen,Brooks,1939-05-23,MP34319850,Meridian PPO,MRD55,2026-07-04,2026-07-13,1872027622,Sofia Jenkins,Gulf Pines Medical Center,21,1,99221,,1,180.00,E11.65,,,,,C06,Y
GPP-2026-001071,Isaac,Morales,1948-01-02,MP20737140,Meridian PPO,MRD55,2026-01-16,2026-01-19,1024533220,Evelyn Ortiz,Bayfront Regional Medical Center,21,1,99223,,1,330.00,I10,I11.9,M62.81,I48.91,,C07,N
GPP-2026-001074,Sofia,Foster,1961-09-11,CS32164348,Coastal Senior Advantage,CSA77,2026-02-02,2026-02-05,1425271610,Emma Brooks,Oakwood Skilled Nursing Center,31,1,99310,,1,215.00,J18.9,E11.65,N18.30,J96.01,,C02,Y
GPP-2026-001076,Emma,Shah,1958-02-14,NS79678669,Northstar Health Plan,NS401,2026-06-12,2026-06-23,1872027622,Sofia Jenkins,Palm Harbor General Hospital,21,1,99231,,1,95.00,E11.65,A41.9,R53.81,N17.9,,C06,Y
GPP-2026-001077,Aarav,Ward,1955-06-05,NS60378836,Northstar Health Plan,NS401,2026-01-20,2026-01-26,1624878819,Hannah Brooks,St. Anselm Hospital,21,1,99232,,1,140.00,N17.9,Z74.09,,,,C06,N
GPP-2026-001077,Aarav,Ward,1955-06-05,NS60378836,Northstar Health Plan,NS401,2026-01-20,2026-01-26,1624878819,Hannah Brooks,St. Anselm Hospital,21,2,31500,,1,260.00,N17.9,Z74.09,,,,C06,N
GPP-2026-001078,Caleb,Russell,1957-11-01,CS32720794,Coastal Senior Advantage,CSA77,2026-02-26,2026-03-02,1234301301,Lily Rivera,Gulf Pines Medical Center,21,1,99233,,1,205.00,R53.81,,,,,C06,N
GPP-2026-001079,Nathan,Ward,1959-06-05,SM30967801,Sunshine Medicaid Partners,SMP12,2026-05-14,2026-05-25,1272117833,Mia Hughes,Palm Harbor General Hospital,21,1,99239,,1,190.00,M62.81,R53.81,E11.65,N17.9,,C01,Y
GPP-2026-001081,Evelyn,Foster,1956-02-16,NS18295932,Northstar Health Plan,NS401,2026-03-18,2026-03-20,1272117833,Mia Hughes,Oakwood Skilled Nursing Center,31,1,99310,,1,215.00,D64.9,,,,,C07,Y
GPP-2026-001082,Aarav,Gomez,1940-09-22,NS89789360,Northstar Health Plan,NS401,2026-05-30,2026-06-01,1778873939,Ryan Diaz,Clearwater Heart Institute,21,1,99232,,1,140.00,N17.9,,,,,C07,N
GPP-2026-001085,Sofia,Foster,1961-09-11,CS68418443,Coastal Senior Advantage,CSA77,2026-03-12,2026-03-18,1160142182,Liam Lane,Bayfront Regional Medical Center,21,1,99221,,1,180.00,D64.9,J18.9,E11.65,J96.01,,C05,N
GPP-2026-001086,Caleb,Iyer,1941-11-20,SM24179275,Sunshine Medicaid Partners,SMP12,2026-05-29,2026-06-03,1243255894,James Rivera,St. Anselm Hospital,21,1,99231,,1,95.00,D64.9,Z74.09,E11.9,N18.30,,C03,N
GPP-2026-001087,Leo,Pierce,1942-09-10,CS10561240,Coastal Senior Advantage,CSA77,2026-04-12,2026-04-21,1489356778,Benjamin Carter,Palm Harbor General Hospital,21,1,99233,,1,205.00,A41.9,R26.89,D64.9,,,C07,N
GPP-2026-001088,James,Brooks,1938-01-06,CS38221125,Coastal Senior Advantage,CSA77,2026-08-06,2026-08-11,1884992904,Ethan Pierce,Gulf Pines Medical Center,21,1,99232,,1,140.00,R53.81,,,,,C04,N
GPP-2026-001090,Zoe,Mehta,1949-08-09,SM10460960,Sunshine Medicaid Partners,SMP12,2026-03-31,2026-04-09,1489356778,Benjamin Carter,Bayfront Regional Medical Center,21,1,99221,,1,180.00,J44.1,E11.9,A41.9,R53.81,,C03,N
GPP-2026-001093,Ava,Sanders,1944-02-19,SM78172861,Sunshine Medicaid Partners,SMP12,2026-08-11,2026-08-20,1160142182,Liam Lane,Magnolia Post-Acute,31,1,99305,,1,240.00,M62.81,N17.9,,,,C02,N
GPP-2026-001095,Leo,Rivera,1950-04-22,NS18726951,Northstar Health Plan,NS401,2026-02-24,2026-02-26,1624878819,Hannah Brooks,Bayfront Regional Medical Center,21,1,99231,,1,95.00,I10,I11.9,N17.9,,,C07,N
GPP-2026-001096,Nathan,Morales,1939-07-11,SM36488974,Sunshine Medicaid Partners,SMP12,2026-01-31,2026-02-05,1024533220,Evelyn Ortiz,St. Anselm Hospital,21,1,99238,,1,130.00,R53.81,N17.9,J96.01,,,C06,N
GPP-2026-001096,Nathan,Morales,1939-07-11,SM36488974,Sunshine Medicaid Partners,SMP12,2026-01-31,2026-02-05,1024533220,Evelyn Ortiz,St. Anselm Hospital,21,2,94002,,1,180.00,R53.81,N17.9,J96.01,,,C06,N
GPP-2026-001098,Ava,Bennett,1938-05-17,NS26772076,Northstar Health Plan,NS401,2026-01-20,2026-01-30,1436730950,Maya Ortiz,Bayfront Regional Medical Center,21,1,99232,,1,140.00,I10,A41.9,,,,C08,N
GPP-2026-001101,Liam,Perry,1960-03-15,CS70535497,Coastal Senior Advantage,CSA77,2026-06-10,2026-06-15,1160142182,Liam Lane,Magnolia Post-Acute,31,1,99305,,1,240.00,M62.81,I50.9,L89.154,,,C05,Y
GPP-2026-001104,Samuel,Sanders,1959-10-13,NS23366367,Northstar Health Plan,NS401,2026-06-09,2026-06-12,1290065238,Riya Wolfe,Clearwater Heart Institute,21,1,99238,,1,130.00,I10,A41.9,,,,C03,Y
GPP-2026-001106,Arjun,Bennett,1952-03-23,NS89526425,Northstar Health Plan,NS401,2026-02-26,2026-03-03,1160142182,Liam Lane,Clearwater Heart Institute,21,1,99239,,1,190.00,D64.9,R53.81,,,,C02,Y
GPP-2026-001108,Amelia,Ward,1941-09-12,NS19601651,Northstar Health Plan,NS401,2026-03-31,2026-04-12,1243255894,James Rivera,Clearwater Heart Institute,21,1,99233,,1,205.00,D64.9,R53.81,,,,C03,N
GPP-2026-001110,Emma,Powell,1941-04-24,NS16799634,Northstar Health Plan,NS401,2026-02-16,2026-02-18,1160142182,Liam Lane,Oakwood Skilled Nursing Center,31,1,99310,,1,215.00,E11.9,J18.9,E11.65,,,C06,Y
GPP-2026-001113,Amelia,Diaz,1943-02-07,CS31500345,Coastal Senior Advantage,CSA77,2026-03-01,2026-03-10,1624878819,Hannah Brooks,Palm Harbor General Hospital,21,1,99222,,1,245.00,Z74.09,E11.9,M62.81,J18.9,,C01,Y
GPP-2026-001115,Nora,Diaz,1958-10-15,MP38028381,Meridian PPO,MRD55,2026-06-06,2026-06-09,1290065238,Riya Wolfe,Magnolia Post-Acute,31,1,99310,,1,215.00,J44.1,I10,L89.154,,,C02,N
GPP-2026-001117,Joseph,Foster,1952-09-12,MP39187964,Meridian PPO,MRD55,2026-02-20,2026-02-28,1243255894,James Rivera,Palm Harbor General Hospital,21,1,99232,,1,140.00,Z74.09,J44.1,D64.9,J96.01,,C02,N
GPP-2026-001120,Chloe,Gomez,1958-04-20,SM27168231,Sunshine Medicaid Partners,SMP12,2026-02-07,2026-02-16,1425271610,Emma Brooks,Palm Harbor General Hospital,21,1,99222,,1,245.00,J18.9,N18.30,D64.9,N17.9,,C06,Y
GPP-2026-001122,Ella,Burke,1942-10-07,CS56589587,Coastal Senior Advantage,CSA77,2026-02-26,2026-03-05,1272117833,Mia Hughes,St. Anselm Hospital,21,1,99233,,1,205.00,D64.9,,,,,C02,Y
GPP-2026-001123,Hannah,Long,1959-10-19,NS45365162,Northstar Health Plan,NS401,2026-05-19,2026-05-21,1726463346,Mia Hayes,St. Anselm Hospital,21,1,99232,,1,140.00,J44.1,,,,,C03,N
GPP-2026-001125,Samuel,Dunn,1941-07-06,CS93198266,Coastal Senior Advantage,CSA77,2026-08-18,2026-08-30,1234301301,Lily Rivera,St. Anselm Hospital,21,1,99231,,1,95.00,I10,,,,,C07,Y
GPP-2026-001125,Samuel,Dunn,1941-07-06,CS93198266,Coastal Senior Advantage,CSA77,2026-08-18,2026-08-30,1234301301,Lily Rivera,St. Anselm Hospital,21,2,94002,,1,180.00,I10,,,,,C07,Y
GPP-2026-001128,Samuel,Iyer,1959-10-15,SM26165246,Sunshine Medicaid Partners,SMP12,2026-02-12,2026-02-16,1290065238,Riya Wolfe,Bayfront Regional Medical Center,21,1,99233,,1,205.00,E87.1,,,,,C04,N
GPP-2026-001131,Amelia,Ward,1941-09-12,CS56532864,Coastal Senior Advantage,CSA77,2026-04-21,2026-04-25,1872027622,Sofia Jenkins,Bayfront Regional Medical Center,21,1,99233,,1,205.00,A41.9,,,,,C03,Y
GPP-2026-001132,Layla,Brooks,1958-10-07,CS84166591,Coastal Senior Advantage,CSA77,2026-01-09,2026-01-14,1024533220,Evelyn Ortiz,St. Anselm Hospital,21,1,99233,,1,205.00,R53.81,N18.30,I10,,,C01,N
GPP-2026-001135,Amelia,Morales,1941-10-23,NS27131647,Northstar Health Plan,NS401,2026-05-25,2026-05-31,1743559571,Maya Patel,Palm Harbor General Hospital,21,1,99233,,1,205.00,L89.154,J18.9,,,,C08,Y
GPP-2026-001137,Caleb,Myers,1962-02-07,SM95116563,Sunshine Medicaid Partners,SMP12,2026-01-05,2026-01-15,1290065238,Riya Wolfe,Gulf Pines Medical Center,21,1,99239,,1,190.00,J44.1,,,,,C05,N
GPP-2026-001138,Aria,Ross,1942-03-25,CS59530430,Coastal Senior Advantage,CSA77,2026-05-04,2026-05-07,1603023783,Arjun Dunn,Harborview Care Center,31,1,99307,,1,70.00,J44.1,,,,,C01,N
GPP-2026-001139,James,Mehta,1954-12-11,CS73981772,Coastal Senior Advantage,CSA77,2026-03-14,2026-03-16,1290065238,Riya Wolfe,Clearwater Heart Institute,21,1,99232,,1,140.00,E87.1,I10,J44.1,,,C05,Y
GPP-2026-001140,Maya,Ross,1962-07-27,NS78745030,Northstar Health Plan,NS401,2026-03-24,2026-03-31,1624878819,Hannah Brooks,Palm Harbor General Hospital,21,1,99231,,1,95.00,L89.154,I10,N17.9,,,C04,Y
GPP-2026-001141,Riya,Nguyen,1956-05-23,NS71722569,Northstar Health Plan,NS401,2026-02-11,2026-02-20,1726463346,Mia Hayes,Gulf Pines Medical Center,21,1,99233,,1,205.00,I10,I11.9,E11.65,,,C07,N
GPP-2026-001142,David,Griffin,1938-08-13,SM28103401,Sunshine Medicaid Partners,SMP12,2026-03-19,2026-03-21,1243255894,James Rivera,Bayfront Regional Medical Center,21,1,99223,,1,330.00,A41.9,D64.9,E11.65,,,C08,Y
GPP-2026-001144,Chloe,Patel,1961-10-10,NS34437342,Northstar Health Plan,NS401,2026-01-16,2026-01-26,1222921193,Caleb Rivera,Gulf Pines Medical Center,21,1,99221,,1,180.00,E11.65,R53.81,,,,C01,N
GPP-2026-001146,Isabella,Diaz,1951-04-17,CS44405171,Coastal Senior Advantage,CSA77,2026-05-07,2026-05-14,1425271610,Emma Brooks,Gulf Pines Medical Center,21,1,99232,,1,140.00,J18.9,E11.65,Z74.09,,,C07,Y
GPP-2026-001149,Maya,Hayes,1955-05-05,MP86790179,Meridian PPO,MRD55,2026-08-17,2026-08-24,1884992904,Ethan Pierce,Bayfront Regional Medical Center,21,1,99222,,1,245.00,A41.9,,,,,C05,Y
GPP-2026-001150,Liam,Hughes,1956-10-25,CS11445220,Coastal Senior Advantage,CSA77,2026-02-21,2026-03-04,1024533220,Evelyn Ortiz,Palm Harbor General Hospital,21,1,99238,,1,130.00,I10,E11.9,R26.89,J44.1,,C02,Y
GPP-2026-001151,Lucas,Stone,1944-08-05,CS76517194,Coastal Senior Advantage,CSA77,2026-08-10,2026-08-21,1606169955,Leena Rao,St. Anselm Hospital,21,1,99231,,1,95.00,N18.30,E11.65,N17.9,E87.1,,C04,N
GPP-2026-001154,Noah,Perry,1958-04-04,NS46493966,Northstar Health Plan,NS401,2026-02-26,2026-03-10,1272117833,Mia Hughes,Clearwater Heart Institute,21,1,99232,,1,140.00,E11.9,D64.9,,,,C05,Y
GPP-2026-001155,Aria,Bennett,1938-06-19,MP99960238,Meridian PPO,MRD55,2026-03-30,2026-04-05,1572028870,Lily Kim,Bayfront Regional Medical Center,21,1,99233,,1,205.00,L89.154,I48.91,E11.9,I50.9,,C07,N
GPP-2026-001157,Sofia,Ward,1944-04-28,MP24452949,Meridian PPO,MRD55,2026-08-04,2026-08-16,1872027622,Sofia Jenkins,St. Anselm Hospital,21,1,99239,,1,190.00,J18.9,,,,,C05,Y
GPP-2026-001158,Caleb,Perry,1947-10-17,NS19360096,Northstar Health Plan,NS401,2026-02-23,2026-02-26,1872027622,Sofia Jenkins,St. Anselm Hospital,21,1,99221,,1,180.00,I48.91,E11.65,D64.9,,,C06,Y
GPP-2026-001158,Caleb,Perry,1947-10-17,NS19360096,Northstar Health Plan,NS401,2026-02-23,2026-02-26,1872027622,Sofia Jenkins,St. Anselm Hospital,21,2,31500,,1,260.00,I48.91,E11.65,D64.9,,,C06,Y
GPP-2026-001160,Riya,Nguyen,1956-05-23,NS74131205,Northstar Health Plan,NS401,2026-02-08,2026-02-13,1884992904,Ethan Pierce,Magnolia Post-Acute,31,1,99308,,1,110.00,R26.89,,,,,C04,Y
GPP-2026-001161,Maya,Morales,1943-11-06,CS68741914,Coastal Senior Advantage,CSA77,2026-04-16,2026-04-24,1436730950,Maya Ortiz,Oakwood Skilled Nursing Center,31,1,99304,,1,170.00,N18.30,,,,,C06,N
GPP-2026-001162,Aria,Coleman,1953-12-06,NS94458693,Northstar Health Plan,NS401,2026-03-06,2026-03-11,1489356778,Benjamin Carter,Clearwater Heart Institute,21,1,99233,,1,205.00,N17.9,I48.91,J18.9,,,C01,Y
GPP-2026-001164,Olivia,Pierce,1952-07-28,NS75540875,Northstar Health Plan,NS401,2026-03-07,2026-03-17,1603023783,Arjun Dunn,Seabreeze Rehab & Nursing,31,1,99308,,1,110.00,A41.9,N17.9,,,,C07,N
GPP-2026-001165,Benjamin,Morales,1962-05-22,MP98890478,Meridian PPO,MRD55,2026-07-09,2026-07-21,1884992904,Ethan Pierce,Seabreeze Rehab & Nursing,31,1,99308,,1,110.00,L89.154,E87.1,E11.65,,,C02,Y
GPP-2026-001166,Grace,Shah,1942-02-16,CS16843246,Coastal Senior Advantage,CSA77,2026-04-30,2026-05-06,1743559571,Maya Patel,Clearwater Heart Institute,21,1,99223,,1,330.00,E87.1,J18.9,,,,C04,Y
GPP-2026-001168,Samuel,Sanders,1959-10-13,SM77275723,Sunshine Medicaid Partners,SMP12,2026-03-03,2026-03-13,1272117833,Mia Hughes,Gulf Pines Medical Center,21,1,99232,,1,140.00,I10,N18.30,J96.01,E87.1,,C01,N
GPP-2026-001169,Harper,Dunn,1950-03-18,NS28088111,Northstar Health Plan,NS401,2026-07-05,2026-07-17,1425271610,Emma Brooks,Palm Harbor General Hospital,21,1,99239,,1,190.00,R53.81,E11.65,I48.91,E87.1,,C05,N
GPP-2026-001171,Mia,Reyes,1962-02-19,MP82629417,Meridian PPO,MRD55,2026-07-24,2026-07-30,1743559571,Maya Patel,Palm Harbor General Hospital,21,1,99238,,1,130.00,N18.30,I10,,,,C05,Y
GPP-2026-001174,Evelyn,Fisher,1946-11-07,MP35850171,Meridian PPO,MRD55,2026-03-30,2026-04-01,1684726395,Chloe Shah,Gulf Pines Medical Center,21,1,99232,,1,140.00,R53.81,M62.81,E11.9,,,C08,N
GPP-2026-001176,Amelia,Wallace,1960-05-27,CS35343890,Coastal Senior Advantage,CSA77,2026-08-09,2026-08-19,1606169955,Leena Rao,Harborview Care Center,31,1,99307,,1,70.00,E11.65,I48.91,D64.9,,,C03,Y
GPP-2026-001178,Daniel,Rivera,1941-09-26,CS96984144,Coastal Senior Advantage,CSA77,2026-05-14,2026-05-18,1243255894,James Rivera,Bayfront Regional Medical Center,21,1,99239,,1,190.00,E87.1,,,,,C08,Y
GPP-2026-001180,Henry,Gomez,1939-09-19,MP63409216,Meridian PPO,MRD55,2026-03-05,2026-03-13,1243255894,James Rivera,Palm Harbor General Hospital,21,1,99233,,1,205.00,I48.91,D64.9,N18.30,L89.154,,C03,N
GPP-2026-001183,Aria,Powell,1948-05-25,NS68948127,Northstar Health Plan,NS401,2026-01-11,2026-01-23,1222921193,Caleb Rivera,Bayfront Regional Medical Center,21,1,99221,,1,180.00,E11.65,D64.9,,,,C05,Y
GPP-2026-001186,Henry,Ramirez,1949-11-15,NS69666485,Northstar Health Plan,NS401,2026-05-15,2026-05-26,1572028870,Lily Kim,Gulf Pines Medical Center,21,1,99233,,1,205.00,R26.89,R53.81,J44.1,I50.9,,C01,Y
GPP-2026-001187,Owen,Jenkins,1938-06-13,NS62382812,Northstar Health Plan,NS401,2026-01-06,2026-01-14,1272117833,Mia Hughes,Palm Harbor General Hospital,21,1,99232,,1,140.00,E11.9,R53.81,A41.9,,,C06,Y
GPP-2026-001190,Aarav,Gomez,1940-09-22,NS63910434,Northstar Health Plan,NS401,2026-01-15,2026-01-25,1624878819,Hannah Brooks,Bayfront Regional Medical Center,21,1,99231,,1,95.00,N17.9,I48.91,,,,C06,Y
GPP-2026-001191,Mia,Gomez,1949-01-03,NS97638266,Northstar Health Plan,NS401,2026-08-15,2026-08-20,1603023783,Arjun Dunn,Palm Harbor General Hospital,21,1,99232,25,1,140.00,R26.89,E11.9,,,,C06,N
GPP-2026-001191,Mia,Gomez,1949-01-03,NS97638266,Northstar Health Plan,NS401,2026-08-15,2026-08-20,1603023783,Arjun Dunn,Palm Harbor General Hospital,21,2,31500,,1,260.00,R26.89,E11.9,,,,C06,N
GPP-2026-001193,Arjun,Dunn,1947-07-27,CS86286437,Coastal Senior Advantage,CSA77,2026-08-27,2026-08-30,1606169955,Leena Rao,Magnolia Post-Acute,31,1,99307,,1,70.00,N17.9,E87.1,E11.65,,,C07,Y
GPP-2026-001196,Grace,Pierce,1954-02-06,CS99822969,Coastal Senior Advantage,CSA77,2026-08-01,2026-08-04,1038518613,Joseph Russell,St. Anselm Hospital,21,1,99233,,1,205.00,I10,,,,,C08,Y
GPP-2026-001198,Benjamin,Bennett,1947-02-05,MP76243345,Meridian PPO,MRD55,2026-01-11,2026-01-21,1222921193,Caleb Rivera,Gulf Pines Medical Center,21,1,99221,,1,180.00,R53.81,,,,,C07,Y
GPP-2026-001199,Lucas,Fisher,1938-03-23,NS50180706,Northstar Health Plan,NS401,2026-08-13,2026-08-21,1872027622,Sofia Jenkins,Magnolia Post-Acute,31,1,99309,,1,150.00,N18.30,D64.9,,,,C01,Y
GPP-2026-001200,Riya,Ortiz,1955-10-11,CS41644502,Coastal Senior Advantage,CSA77,2026-05-23,2026-06-04,1872027622,Sofia Jenkins,Magnolia Post-Acute,31,1,99309,,1,150.00,E87.1,J44.1,I10,,,C08,N
GPP-2026-001203,Chloe,Mehta,1950-02-21,CS33637817,Coastal Senior Advantage,CSA77,2026-04-14,2026-04-21,1436730950,Maya Ortiz,St. Anselm Hospital,21,1,99233,,1,205.00,M62.81,D64.9,I10,E11.65,,C03,N
GPP-2026-001204,Caleb,Carter,1950-03-26,NS91335896,Northstar Health Plan,NS401,2026-08-20,2026-08-22,1234301301,Lily Rivera,Clearwater Heart Institute,21,1,99238,,1,130.00,D64.9,,,,,C05,Y
GPP-2026-001207,Harper,Diaz,1952-11-23,CS20065397,Coastal Senior Advantage,CSA77,2026-02-01,2026-02-04,1603023783,Arjun Dunn,Bayfront Regional Medical Center,21,1,99233,25,1,205.00,R26.89,Z74.09,M62.81,,,C06,Y
GPP-2026-001207,Harper,Diaz,1952-11-23,CS20065397,Coastal Senior Advantage,CSA77,2026-02-01,2026-02-04,1603023783,Arjun Dunn,Bayfront Regional Medical Center,21,2,93010,,1,25.00,R26.89,Z74.09,M62.81,,,C06,Y
GPP-2026-001210,Nora,Bennett,1941-03-07,MP43805684,Meridian PPO,MRD55,2026-03-09,2026-03-18,1624878819,Hannah Brooks,St. Anselm Hospital,21,1,99233,,1,205.00,I10,I11.9,J96.01,E87.1,,C01,N
GPP-2026-001211,Henry,Powell,1948-10-17,NS59881141,Northstar Health Plan,NS401,2026-06-22,2026-07-01,1624878819,Hannah Brooks,Oakwood Skilled Nursing Center,31,1,99310,,1,215.00,M62.81,R53.81,,,,C03,Y
GPP-2026-001214,Henry,Price,1945-12-05,NS14883137,Northstar Health Plan,NS401,2026-07-19,2026-07-31,1726463346,Mia Hayes,St. Anselm Hospital,21,1,99233,,1,205.00,N17.9,R26.89,D64.9,A41.9,,C07,Y
GPP-2026-001214,Henry,Price,1945-12-05,NS14883137,Northstar Health Plan,NS401,2026-07-19,2026-07-31,1726463346,Mia Hayes,St. Anselm Hospital,21,2,31500,,1,260.00,N17.9,R26.89,D64.9,A41.9,,C07,Y
GPP-2026-001215,Grace,Fisher,1958-12-02,NS90526679,Northstar Health Plan,NS401,2026-04-18,2026-04-29,1204831741,Daniel Ortiz,Gulf Pines Medical Center,21,1,99238,,1,130.00,J18.9,,,,,C05,N
GPP-2026-001216,Nathan,Coleman,1952-04-05,NS70873896,Northstar Health Plan,NS401,2026-08-02,2026-08-12,1489356778,Benjamin Carter,Clearwater Heart Institute,21,1,99233,,1,205.00,D64.9,R53.81,E87.1,,,C05,N
GPP-2026-001218,Emma,Carter,1957-08-05,NS58977586,Northstar Health Plan,NS401,2026-06-01,2026-06-12,1425271610,Emma Brooks,Harborview Care Center,31,1,99307,,1,70.00,E11.65,Z74.09,J96.01,E11.9,,C02,Y
GPP-2026-001220,Isabella,Dunn,1959-12-13,NS33381076,Northstar Health Plan,NS401,2026-05-10,2026-05-21,1160142182,Liam Lane,Clearwater Heart Institute,21,1,99232,25,1,140.00,N18.30,E87.1,N17.9,,,C06,N
GPP-2026-001220,Isabella,Dunn,1959-12-13,NS33381076,Northstar Health Plan,NS401,2026-05-10,2026-05-21,1160142182,Liam Lane,Clearwater Heart Institute,21,2,94002,,1,180.00,N18.30,E87.1,N17.9,,,C06,N
GPP-2026-001223,Arjun,Price,1938-07-14,NS95708119,Northstar Health Plan,NS401,2026-03-04,2026-03-07,1204831741,Daniel Ortiz,Harborview Care Center,31,1,99305,,1,240.00,J44.1,I48.91,A41.9,,,C06,N
GPP-2026-001226,Noah,Morales,1951-11-26,NS17618337,Northstar Health Plan,NS401,2026-02-19,2026-03-01,1436730950,Maya Ortiz,Bayfront Regional Medical Center,21,1,99238,,1,130.00,J44.1,I10,I50.9,A41.9,,C02,N
GPP-2026-001228,Liam,Nguyen,1955-05-10,SM13566101,Sunshine Medicaid Partners,SMP12,2026-05-24,2026-06-01,1222921193,Caleb Rivera,St. Anselm Hospital,21,1,99239,25,1,190.00,N18.30,E11.65,E87.1,J18.9,,C05,N
GPP-2026-001228,Liam,Nguyen,1955-05-10,SM13566101,Sunshine Medicaid Partners,SMP12,2026-05-24,2026-06-01,1222921193,Caleb Rivera,St. Anselm Hospital,21,2,93010,,1,25.00,N18.30,E11.65,E87.1,J18.9,,C05,N
GPP-2026-001229,Aria,Dunn,1958-05-07,SM53457732,Sunshine Medicaid Partners,SMP12,2026-02-01,2026-02-08,1743559571,Maya Patel,Bayfront Regional Medical Center,21,1,99231,,1,95.00,E11.65,R26.89,J18.9,N17.9,,C06,Y
GPP-2026-001231,Nathan,Burke,1952-11-03,CS57715037,Coastal Senior Advantage,CSA77,2026-08-13,2026-08-16,1606169955,Leena Rao,Clearwater Heart Institute,21,1,99232,,1,140.00,L89.154,J18.9,N17.9,E87.1,,C02,N
GPP-2026-001234,Harper,Long,1952-04-20,MP43802185,Meridian PPO,MRD55,2026-08-14,2026-08-16,1743559571,Maya Patel,Clearwater Heart Institute,21,1,99232,,1,140.00,I10,I48.91,N18.30,D64.9,,C08,N
GPP-2026-001235,Maya,Ross,1953-05-24,NS86568752,Northstar Health Plan,NS401,2026-06-06,2026-06-13,1024533220,Evelyn Ortiz,Gulf Pines Medical Center,21,1,99233,25,1,205.00,J44.1,M62.81,E11.65,,,C08,Y
GPP-2026-001235,Maya,Ross,1953-05-24,NS86568752,Northstar Health Plan,NS401,2026-06-06,2026-06-13,1024533220,Evelyn Ortiz,Gulf Pines Medical Center,21,2,31500,,1,260.00,J44.1,M62.81,E11.65,,,C08,Y
GPP-2026-001236,Isaac,Carter,1947-03-21,MP71463221,Meridian PPO,MRD55,2026-07-21,2026-07-29,1243255894,James Rivera,Gulf Pines Medical Center,21,1,99233,,1,205.00,N17.9,J18.9,,,,C08,N
GPP-2026-001237,Lucas,Fisher,1938-03-23,SM80978569,Sunshine Medicaid Partners,SMP12,2026-02-19,2026-02-24,1603023783,Arjun Dunn,Oakwood Skilled Nursing Center,31,1,99304,,1,170.00,E11.9,L89.154,E11.65,,,C02,Y
GPP-2026-001239,Isaac,Hughes,1962-09-05,MP35975696,Meridian PPO,MRD55,2026-06-28,2026-07-09,1726463346,Mia Hayes,Gulf Pines Medical Center,21,1,99233,,1,205.00,J18.9,R53.81,J44.1,,,C05,Y
GPP-2026-001241,Joseph,Reyes,1955-11-26,SM37242836,Sunshine Medicaid Partners,SMP12,2026-02-21,2026-03-02,1603023783,Arjun Dunn,Gulf Pines Medical Center,21,1,99233,,1,205.00,I10,I11.9,J44.1,A41.9,,C01,N
GPP-2026-001244,James,Wolfe,1944-01-28,NS64801196,Northstar Health Plan,NS401,2026-08-11,2026-08-20,1272117833,Mia Hughes,St. Anselm Hospital,21,1,99239,,1,190.00,R53.81,,,,,C06,N
GPP-2026-001247,Sofia,Pierce,1945-09-14,MP40200503,Meridian PPO,MRD55,2026-08-17,2026-08-24,1247459963,Aarav Ross,Bayfront Regional Medical Center,21,1,99233,,1,205.00,J96.01,Z74.09,R53.81,M62.81,,C06,Y
GPP-2026-001250,Mateo,Fisher,1947-10-16,CS29544198,Coastal Senior Advantage,CSA77,2026-01-29,2026-01-31,1436730950,Maya Ortiz,Seabreeze Rehab & Nursing,31,1,99306,,1,310.00,J18.9,J44.1,L89.154,J96.01,,C07,N
GPP-2026-001253,Isaac,Myers,1954-11-16,NS24924072,Northstar Health Plan,NS401,2026-05-18,2026-05-24,1572028870,Lily Kim,Gulf Pines Medical Center,21,1,99221,,1,180.00,A41.9,,,,,C03,Y
GPP-2026-001254,Arjun,Perry,1957-09-23,NS82718389,Northstar Health Plan,NS401,2026-04-03,2026-04-06,1603023783,Arjun Dunn,Bayfront Regional Medical Center,21,1,99231,,1,95.00,D64.9,E11.65,I10,R53.81,,C03,Y
GPP-2026-001257,Samuel,Iyer,1959-10-15,NS48872649,Northstar Health Plan,NS401,2026-02-27,2026-03-02,1726463346,Mia Hayes,St. Anselm Hospital,21,1,99238,,1,130.00,E11.9,D64.9,J18.9,,,C06,Y
GPP-2026-001258,Benjamin,Long,1954-07-13,CS70889165,Coastal Senior Advantage,CSA77,2026-05-02,2026-05-06,1272117833,Mia Hughes,Seabreeze Rehab & Nursing,31,1,99306,,1,310.00,Z74.09,J96.01,,,,C03,Y
GPP-2026-001261,Noah,Morales,1951-11-26,MP34263735,Meridian PPO,MRD55,2026-05-04,2026-05-16,1684726395,Chloe Shah,Seabreeze Rehab & Nursing,31,1,99304,,1,170.00,R53.81,N18.30,,,,C08,Y
GPP-2026-001263,Emma,Myers,1949-07-07,MP58305131,Meridian PPO,MRD55,2026-06-04,2026-06-09,1872027622,Sofia Jenkins,St. Anselm Hospital,21,1,99222,,1,245.00,R53.81,Z74.09,E11.65,I10,,C06,Y
GPP-2026-001264,Caleb,Stone,1954-02-05,SM72903441,Sunshine Medicaid Partners,SMP12,2026-01-23,2026-02-03,1222921193,Caleb Rivera,Clearwater Heart Institute,21,1,99232,,1,140.00,E11.65,L89.154,A41.9,,,C01,N
GPP-2026-001267,Noah,Bennett,1940-10-06,CS70226286,Coastal Senior Advantage,CSA77,2026-04-16,2026-04-18,1603023783,Arjun Dunn,Bayfront Regional Medical Center,21,1,99233,,1,205.00,I48.91,,,,,C01,Y
GPP-2026-001269,Joseph,Russell,1945-07-22,NS31993133,Northstar Health Plan,NS401,2026-03-14,2026-03-18,1624878819,Hannah Brooks,Bayfront Regional Medical Center,21,1,99232,,1,140.00,J44.1,I48.91,,,,C03,Y
GPP-2026-001270,James,Mehta,1954-12-11,CS20914136,Coastal Senior Advantage,CSA77,2026-03-17,2026-03-29,1603023783,Arjun Dunn,Seabreeze Rehab & Nursing,31,1,99308,,1,110.00,I48.91,I50.9,R53.81,E11.65,,C06,Y
GPP-2026-001272,Owen,Hughes,1941-02-06,NS60209088,Northstar Health Plan,NS401,2026-08-13,2026-08-19,1024533220,Evelyn Ortiz,Harborview Care Center,31,1,99306,,1,310.00,R53.81,,,,,C02,Y
GPP-2026-001274,Joseph,Wallace,1952-04-06,NS68642494,Northstar Health Plan,NS401,2026-02-14,2026-02-16,1222921193,Caleb Rivera,Gulf Pines Medical Center,21,1,99233,,1,205.00,I10,I11.9,I50.9,D64.9,,C03,N
GPP-2026-001275,Joseph,Morales,1939-07-19,SM65517019,Sunshine Medicaid Partners,SMP12,2026-04-22,2026-05-04,1204831741,Daniel Ortiz,Palm Harbor General Hospital,21,1,99223,,1,330.00,N17.9,D64.9,,,,C02,Y
GPP-2026-001277,Ethan,Shah,1958-12-02,CS39289329,Coastal Senior Advantage,CSA77,2026-07-31,2026-08-08,1262252103,Samuel Pierce,Palm Harbor General Hospital,21,1,99233,,1,205.00,N18.30,,,,,C02,Y
GPP-2026-001280,Arjun,Perry,1959-08-03,SM58700075,Sunshine Medicaid Partners,SMP12,2026-06-27,2026-06-29,1778873939,Ryan Diaz,Oakwood Skilled Nursing Center,31,1,99306,,1,310.00,N18.30,R53.81,A41.9,I50.9,SMPA878550,C05,Y
GPP-2026-001283,Grace,Pierce,1961-01-06,MP90911144,Meridian PPO,MRD55,2026-07-16,2026-07-22,1038518613,Joseph Russell,St. Anselm Hospital,21,1,99238,,1,130.00,N18.30,L89.154,E11.9,,,C05,N
GPP-2026-001285,Lucas,Ward,1942-07-12,CS29963201,Coastal Senior Advantage,CSA77,2026-01-20,2026-01-24,1726463346,Mia Hayes,Gulf Pines Medical Center,21,1,99232,,1,140.00,R53.81,D64.9,J96.01,,,C06,Y
GPP-2026-001287,Ryan,Shah,1956-03-08,NS40347206,Northstar Health Plan,NS401,2026-04-18,2026-04-27,1572028870,Lily Kim,Palm Harbor General Hospital,21,1,99223,,1,330.00,J44.1,I50.9,,,,C08,N
GPP-2026-001289,Arjun,Reyes,1949-03-17,CS39425478,Coastal Senior Advantage,CSA77,2026-02-15,2026-02-23,1603023783,Arjun Dunn,Gulf Pines Medical Center,21,1,99221,,1,180.00,J44.1,E11.9,,,,C05,N
GPP-2026-001291,Joseph,Hughes,1951-10-05,NS19309646,Northstar Health Plan,NS401,2026-08-13,2026-08-18,1624878819,Hannah Brooks,Seabreeze Rehab & Nursing,31,1,99306,,1,310.00,D64.9,I50.9,N18.30,I10,,C06,N
GPP-2026-001293,Ryan,Shah,1956-03-08,NS38932220,Northstar Health Plan,NS401,2026-06-02,2026-06-05,1180489969,Lily Stone,Harborview Care Center,31,1,99306,,1,310.00,E11.65,E11.9,R26.89,,,C06,Y
GPP-2026-001295,Henry,Griffin,1944-03-27,NS88864786,Northstar Health Plan,NS401,2026-04-26,2026-05-05,1743559571,Maya Patel,Harborview Care Center,31,1,99305,,1,240.00,R53.81,J96.01,N18.30,,,C05,N
GPP-2026-001298,Harper,Long,1961-03-18,SM61463326,Sunshine Medicaid Partners,SMP12,2026-01-16,2026-01-28,1204831741,Daniel Ortiz,Gulf Pines Medical Center,21,1,99221,,1,180.00,L89.154,E11.65,,,,C03,Y
GPP-2026-001301,Daniel,Dunn,1958-05-13,CS78044372,Coastal Senior Advantage,CSA77,2026-04-27,2026-05-03,1243255894,James Rivera,Gulf Pines Medical Center,21,1,99231,,1,95.00,L89.154,J44.1,N17.9,,,C01,N
GPP-2026-001304,David,Hughes,1946-06-04,SM68348211,Sunshine Medicaid Partners,SMP12,2026-07-16,2026-07-28,1743559571,Maya Patel,Gulf Pines Medical Center,21,1,99231,,1,95.00,J18.9,N17.9,,,,C04,Y
GPP-2026-001306,Chloe,Powell,1958-01-24,MP55245324,Meridian PPO,MRD55,2026-05-26,2026-05-30,1204831741,Daniel Ortiz,St. Anselm Hospital,21,1,99222,,1,245.00,I10,E11.65,E87.1,,,C08,Y
GPP-2026-001307,Daniel,Rivera,1941-09-26,MP57439684,Meridian PPO,MRD55,2026-03-28,2026-04-04,1743559571,Maya Patel,Gulf Pines Medical Center,21,1,99232,,1,140.00,I50.9,,,,,C05,N
GPP-2026-001308,Mateo,Iyer,1955-10-12,CS75573833,Coastal Senior Advantage,CSA77,2026-04-22,2026-04-28,1024533220,Evelyn Ortiz,Clearwater Heart Institute,21,1,99222,25,1,245.00,I10,R26.89,D64.9,,,C01,N
GPP-2026-001308,Mateo,Iyer,1955-10-12,CS75573833,Coastal Senior Advantage,CSA77,2026-04-22,2026-04-28,1024533220,Evelyn Ortiz,Clearwater Heart Institute,21,2,31500,,1,260.00,I10,R26.89,D64.9,,,C01,N
GPP-2026-001310,Lily,Burke,1944-11-02,NS31247673,Northstar Health Plan,NS401,2026-04-26,2026-04-29,1743559571,Maya Patel,St. Anselm Hospital,21,1,99233,,1,205.00,I50.9,J96.01,,,,C06,Y
GPP-2026-001313,Arjun,Reyes,1949-03-17,SM30714276,Sunshine Medicaid Partners,SMP12,2026-03-17,2026-03-28,1489356778,Benjamin Carter,Clearwater Heart Institute,21,1,99221,,1,180.00,R26.89,M62.81,,,,C01,Y
GPP-2026-001315,Noah,Stone,1947-08-02,CS18564184,Coastal Senior Advantage,CSA77,2026-03-23,2026-03-26,1234301301,Lily Rivera,St. Anselm Hospital,21,1,99233,,1,205.00,D64.9,E87.1,I50.9,,,C08,N
GPP-2026-001317,Chloe,Pierce,1947-07-02,MP30108588,Meridian PPO,MRD55,2026-04-23,2026-05-01,1572028870,Lily Kim,Palm Harbor General Hospital,21,1,99223,25,1,330.00,N17.9,,,,,C04,Y
GPP-2026-001317,Chloe,Pierce,1947-07-02,MP30108588,Meridian PPO,MRD55,2026-04-23,2026-05-01,1572028870,Lily Kim,Palm Harbor General Hospital,21,2,31500,,1,260.00,N17.9,,,,,C04,Y
GPP-2026-001319,Chloe,Long,1942-09-05,MP34037237,Meridian PPO,MRD55,2026-03-24,2026-04-01,1222921193,Caleb Rivera,Gulf Pines Medical Center,21,1,99239,,1,190.00,R26.89,,,,,C04,Y
GPP-2026-001320,Harper,Pierce,1946-01-22,SM10935753,Sunshine Medicaid Partners,SMP12,2026-03-17,2026-03-24,1180489969,Lily Stone,Oakwood Skilled Nursing Center,31,1,99308,,1,110.00,R26.89,L89.154,E11.65,N18.30,,C02,N
GPP-2026-001321,Hannah,Powell,1951-01-27,SM31325966,Sunshine Medicaid Partners,SMP12,2026-05-14,2026-05-17,1436730950,Maya Ortiz,Harborview Care Center,31,1,99307,,1,70.00,L89.154,J18.9,I10,E11.9,,C02,Y
GPP-2026-001322,Isabella,Holt,1950-02-11,NS33539468,Northstar Health Plan,NS401,2026-01-24,2026-02-03,1038518613,Joseph Russell,Seabreeze Rehab & Nursing,31,1,99308,,1,110.00,I48.91,E87.1,R53.81,,,C06,Y
GPP-2026-001323,Grace,Burke,1958-09-17,CS28023702,Coastal Senior Advantage,CSA77,2026-02-20,2026-02-25,1603023783,Arjun Dunn,Clearwater Heart Institute,21,1,99221,,1,180.00,N18.30,D64.9,,,,C03,Y
GPP-2026-001326,Caleb,Wallace,1946-01-17,MP66433285,Meridian PPO,MRD55,2026-08-09,2026-08-14,1204831741,Daniel Ortiz,Gulf Pines Medical Center,21,1,99233,,1,205.00,E87.1,E11.65,E11.9,,,C07,Y
GPP-2026-001329,Emma,Powell,1948-02-23,NS79282282,Northstar Health Plan,NS401,2026-05-28,2026-05-31,1247459963,Aarav Ross,Clearwater Heart Institute,21,1,99238,,1,130.00,I50.9,J96.01,,,,C01,N
GPP-2026-001331,Noah,Ramirez,1955-03-15,NS36155462,Northstar Health Plan,NS401,2026-06-19,2026-06-30,1684726395,Chloe Shah,Gulf Pines Medical Center,21,1,99232,,1,140.00,M62.81,,,,,C07,N
GPP-2026-001332,Isabella,Holt,1950-02-11,SM56560058,Sunshine Medicaid Partners,SMP12,2026-05-20,2026-05-25,1222921193,Caleb Rivera,St. Anselm Hospital,21,1,99231,,1,95.00,M62.81,I50.9,E11.9,,,C07,Y
GPP-2026-001332,Isabella,Holt,1950-02-11,SM56560058,Sunshine Medicaid Partners,SMP12,2026-05-20,2026-05-25,1222921193,Caleb Rivera,St. Anselm Hospital,21,2,31500,,1,260.00,M62.81,I50.9,E11.9,,,C07,Y
GPP-2026-001334,Noah,Perry,1958-04-04,NS44890746,Northstar Health Plan,NS401,2026-08-04,2026-08-09,1425271610,Emma Brooks,Palm Harbor General Hospital,21,1,99239,,1,190.00,A41.9,,,,,C04,N
GPP-2026-001336,Henry,Powell,1948-10-17,MP67055864,Meridian PPO,MRD55,2026-05-24,2026-06-05,1234301301,Lily Rivera,St. Anselm Hospital,21,1,99232,,1,140.00,I10,N18.30,,,,C08,N
GPP-2026-001339,Chloe,Pierce,1947-07-02,MP87647199,Meridian PPO,MRD55,2026-05-16,2026-05-20,1872027622,Sofia Jenkins,St. Anselm Hospital,21,1,99239,,1,190.00,J44.1,E11.9,,,,C01,Y
GPP-2026-001339,Chloe,Pierce,1947-07-02,MP87647199,Meridian PPO,MRD55,2026-05-16,2026-05-20,1872027622,Sofia Jenkins,St. Anselm Hospital,21,2,31500,,1,260.00,J44.1,E11.9,,,,C01,Y
GPP-2026-001342,Lucas,Fisher,1938-03-23,MP25235718,Meridian PPO,MRD55,2026-03-15,2026-03-18,1778873939,Ryan Diaz,Clearwater Heart Institute,21,1,99231,,1,95.00,J44.1,J96.01,R26.89,I50.9,,C04,N
GPP-2026-001345,Evelyn,Sanders,1955-12-16,NS22919424,Northstar Health Plan,NS401,2026-06-20,2026-06-24,1572028870,Lily Kim,Palm Harbor General Hospital,21,1,99239,,1,190.00,D64.9,N17.9,,,,C02,Y
GPP-2026-001348,Lucas,Stone,1951-06-02,CS15070720,Coastal Senior Advantage,CSA77,2026-07-16,2026-07-21,1606169955,Leena Rao,Magnolia Post-Acute,31,1,99305,,1,240.00,M62.81,,,,,C03,Y
GPP-2026-001351,Layla,Stone,1938-01-02,SM76320119,Sunshine Medicaid Partners,SMP12,2026-08-15,2026-08-17,1024533220,Evelyn Ortiz,Bayfront Regional Medical Center,21,1,99233,25,1,205.00,J96.01,E11.9,R53.81,J44.1,,C01,N
GPP-2026-001351,Layla,Stone,1938-01-02,SM76320119,Sunshine Medicaid Partners,SMP12,2026-08-15,2026-08-17,1024533220,Evelyn Ortiz,Bayfront Regional Medical Center,21,2,31500,,1,260.00,J96.01,E11.9,R53.81,J44.1,,C01,N
GPP-2026-001354,Nora,Stone,1940-06-06,NS39440237,Northstar Health Plan,NS401,2026-01-31,2026-02-12,1234301301,Lily Rivera,Magnolia Post-Acute,31,1,99309,,1,150.00,N18.30,,,,,C01,Y
GPP-2026-001355,Layla,Burke,1950-04-17,SM86360980,Sunshine Medicaid Partners,SMP12,2026-05-19,2026-05-25,1247459963,Aarav Ross,Clearwater Heart Institute,21,1,99233,,1,205.00,R53.81,,,,,C05,N
GPP-2026-001356,Sofia,Reyes,1948-03-21,NS31753705,Northstar Health Plan,NS401,2026-07-11,2026-07-17,1603023783,Arjun Dunn,Gulf Pines Medical Center,21,1,99221,,1,180.00,I48.91,E11.65,L89.154,R53.81,,C01,N
GPP-2026-001358,Layla,Burke,1950-04-17,NS18835341,Northstar Health Plan,NS401,2026-02-28,2026-03-03,1243255894,James Rivera,Clearwater Heart Institute,21,1,99232,,1,140.00,R26.89,,,,,C04,N
GPP-2026-001359,Lily,Ross,1961-03-20,CS92934810,Coastal Senior Advantage,CSA77,2026-02-08,2026-02-19,1160142182,Liam Lane,Palm Harbor General Hospital,21,1,99233,,1,205.00,E11.9,Z74.09,N17.9,N18.30,,C07,Y
GPP-2026-001362,Noah,Ramirez,1955-03-15,NS52932992,Northstar Health Plan,NS401,2026-07-21,2026-07-28,1204831741,Daniel Ortiz,Clearwater Heart Institute,21,1,99232,,1,140.00,I50.9,R26.89,N17.9,,,C03,N
GPP-2026-001364,Aarav,Jenkins,1953-03-23,CS27704198,Coastal Senior Advantage,CSA77,2026-02-18,2026-02-24,1204831741,Daniel Ortiz,Seabreeze Rehab & Nursing,31,1,99310,,1,215.00,J44.1,I48.91,,,,C05,N
GPP-2026-001367,Ryan,Mehta,1962-01-19,CS32672231,Coastal Senior Advantage,CSA77,2026-05-02,2026-05-10,1489356778,Benjamin Carter,St. Anselm Hospital,21,1,99221,,1,180.00,D64.9,E11.65,,,,C03,N
GPP-2026-001367,Ryan,Mehta,1962-01-19,CS32672231,Coastal Senior Advantage,CSA77,2026-05-02,2026-05-10,1489356778,Benjamin Carter,St. Anselm Hospital,21,2,94002,,1,180.00,D64.9,E11.65,,,,C03,N
GPP-2026-001368,Joseph,Morales,1939-07-19,MP33108794,Meridian PPO,MRD55,2026-06-11,2026-06-15,1572028870,Lily Kim,Gulf Pines Medical Center,21,1,99238,,1,130.00,D64.9,,,,,C03,Y
GPP-2026-001370,Layla,Wolfe,1945-02-07,CS68350131,Coastal Senior Advantage,CSA77,2026-03-25,2026-04-06,1726463346,Mia Hayes,St. Anselm Hospital,21,1,99221,,1,180.00,I10,,,,,C07,N
GPP-2026-001371,Grace,Fisher,1958-12-02,CS73933955,Coastal Senior Advantage,CSA77,2026-06-23,2026-07-03,1684726395,Chloe Shah,Magnolia Post-Acute,31,1,99306,,1,310.00,R53.81,N18.30,,,,C07,N
GPP-2026-001373,Riya,Ortiz,1957-10-18,CS24154680,Coastal Senior Advantage,CSA77,2026-01-12,2026-01-18,1572028870,Lily Kim,Harborview Care Center,31,1,99309,,1,150.00,D64.9,J96.01,,,,C06,N
GPP-2026-001376,Grace,Shah,1942-02-16,MP85159885,Meridian PPO,MRD55,2026-05-03,2026-05-12,1024533220,Evelyn Ortiz,Harborview Care Center,31,1,99310,,1,215.00,E11.65,I48.91,J18.9,,,C07,Y
GPP-2026-001378,Layla,Burke,1950-04-17,CS30824988,Coastal Senior Advantage,CSA77,2026-06-11,2026-06-22,1684726395,Chloe Shah,Seabreeze Rehab & Nursing,31,1,99309,,1,150.00,L89.154,,,,,C08,N
GPP-2026-001381,Harper,Dunn,1950-03-18,MP69005097,Meridian PPO,MRD55,2026-04-05,2026-04-14,1247459963,Aarav Ross,Harborview Care Center,31,1,99309,,1,150.00,I50.9,N17.9,J18.9,,,C05,N
GPP-2026-001383,Noah,Morales,1951-11-26,CS81520771,Coastal Senior Advantage,CSA77,2026-03-19,2026-03-23,1743559571,Maya Patel,Gulf Pines Medical Center,21,1,99232,,1,140.00,M62.81,D64.9,J18.9,E11.65,,C04,Y
GPP-2026-001384,Benjamin,Long,1954-07-13,NS28981037,Northstar Health Plan,NS401,2026-01-22,2026-01-27,1247459963,Aarav Ross,Bayfront Regional Medical Center,21,1,99232,,1,140.00,J44.1,,,,,C03,N
GPP-2026-001387,Hannah,Hughes,1948-01-17,SM86890796,Sunshine Medicaid Partners,SMP12,2026-03-04,2026-03-16,1572028870,Lily Kim,Oakwood Skilled Nursing Center,31,1,99309,,1,150.00,R26.89,J18.9,,,,C02,N
GPP-2026-001390,Zoe,Dunn,1959-04-19,SM15596618,Sunshine Medicaid Partners,SMP12,2026-07-27,2026-08-04,1222921193,Caleb Rivera,Magnolia Post-Acute,31,1,99310,,1,215.00,A41.9,J18.9,I50.9,,,C06,Y
GPP-2026-001392,Zoe,Ward,1952-08-04,NS97528699,Northstar Health Plan,NS401,2026-04-25,2026-04-28,1624878819,Hannah Brooks,Gulf Pines Medical Center,21,1,99238,,1,130.00,J96.01,N17.9,E11.9,I10,,C05,Y
GPP-2026-001395,Daniel,Stone,1959-03-22,CS34131895,Coastal Senior Advantage,CSA77,2026-02-01,2026-02-06,1778873939,Ryan Diaz,Oakwood Skilled Nursing Center,31,1,99305,,1,240.00,E11.65,,,,,C07,N
GPP-2026-001396,Lucas,Stone,1951-06-02,MP61716176,Meridian PPO,MRD55,2026-02-01,2026-02-09,1425271610,Emma Brooks,Bayfront Regional Medical Center,21,1,99232,,1,140.00,I50.9,R26.89,J18.9,,,C05,N
GPP-2026-001397,David,Burke,1947-03-28,SM46453704,Sunshine Medicaid Partners,SMP12,2026-02-25,2026-03-07,1247459963,Aarav Ross,Palm Harbor General Hospital,21,1,99222,,1,245.00,A41.9,D64.9,R26.89,J96.01,,C08,Y
GPP-2026-001398,Zoe,Reyes,1952-08-21,CS48835692,Coastal Senior Advantage,CSA77,2026-02-15,2026-02-23,1247459963,Aarav Ross,Magnolia Post-Acute,31,1,99308,,1,110.00,E87.1,,,,,C01,Y
GPP-2026-001399,Layla,Brooks,1958-10-07,CS43788615,Coastal Senior Advantage,CSA77,2026-08-18,2026-08-20,1262252103,Samuel Pierce,Seabreeze Rehab & Nursing,31,1,99307,,1,70.00,I50.9,,,,,C08,Y
GPP-2026-001400,Chloe,Pierce,1947-07-02,SM22168922,Sunshine Medicaid Partners,SMP12,2026-06-04,2026-06-06,1489356778,Benjamin Carter,Seabreeze Rehab & Nursing,31,1,99307,,1,70.00,I50.9,L89.154,,,,C04,Y
GPP-2026-001401,Samuel,Perry,1951-09-23,CS88286325,Coastal Senior Advantage,CSA77,2026-03-02,2026-03-05,1684726395,Chloe Shah,Oakwood Skilled Nursing Center,31,1,99307,,1,70.00,M62.81,,,,,C02,N
GPP-2026-001402,Nathan,Gomez,1943-05-03,SM78311697,Sunshine Medicaid Partners,SMP12,2026-03-17,2026-03-25,1624878819,Hannah Brooks,Seabreeze Rehab & Nursing,31,1,99308,,1,110.00,I48.91,L89.154,I10,E87.1,,C03,N
GPP-2026-001404,Benjamin,Powell,1956-09-08,CS87582463,Coastal Senior Advantage,CSA77,2026-07-12,2026-07-22,1222921193,Caleb Rivera,Bayfront Regional Medical Center,21,1,99239,,1,190.00,L89.154,N17.9,,,,C08,Y
GPP-2026-001405,Arjun,Reyes,1945-09-09,CS82931200,Coastal Senior Advantage,CSA77,2026-06-22,2026-07-01,1204831741,Daniel Ortiz,Gulf Pines Medical Center,21,1,99233,,1,205.00,I50.9,A41.9,E87.1,,,C06,Y
GPP-2026-001408,Zoe,Dunn,1959-04-19,CS82475755,Coastal Senior Advantage,CSA77,2026-05-03,2026-05-09,1684726395,Chloe Shah,Clearwater Heart Institute,21,1,99233,,1,205.00,J18.9,A41.9,I50.9,R53.81,,C08,Y
GPP-2026-001411,Harper,Ramirez,1952-01-17,CS61067874,Coastal Senior Advantage,CSA77,2026-08-23,2026-08-26,1884992904,Ethan Pierce,Clearwater Heart Institute,21,1,99232,,1,140.00,N18.30,D64.9,J96.01,J18.9,,C01,N
GPP-2026-001413,Ethan,Brooks,1953-01-04,CS72792562,Coastal Senior Advantage,CSA77,2026-05-14,2026-05-20,1243255894,James Rivera,Clearwater Heart Institute,21,1,99222,,1,245.00,D64.9,,,,,C05,Y
GPP-2026-001414,Amelia,Carter,1959-09-27,NS64184535,Northstar Health Plan,NS401,2026-07-25,2026-08-05,1872027622,Sofia Jenkins,Palm Harbor General Hospital,21,1,99233,,1,205.00,J96.01,D64.9,J18.9,,,C02,Y
GPP-2026-001416,Noah,Powell,1957-02-27,CS91918354,Coastal Senior Advantage,CSA77,2026-01-22,2026-01-29,1884992904,Ethan Pierce,Gulf Pines Medical Center,21,1,99233,,1,205.00,D64.9,N17.9,,,,C06,Y
GPP-2026-001418,Sofia,Pierce,1952-01-20,SM77699540,Sunshine Medicaid Partners,SMP12,2026-04-08,2026-04-16,1726463346,Mia Hayes,Magnolia Post-Acute,31,1,99307,,1,70.00,Z74.09,N18.30,,,,C05,Y
GPP-2026-001420,Henry,Holt,1945-09-17,MP93510781,Meridian PPO,MRD55,2026-01-21,2026-02-01,1884992904,Ethan Pierce,Gulf Pines Medical Center,21,1,99221,,1,180.00,A41.9,Z74.09,M62.81,,,C02,N
GPP-2026-001423,Lily,Powell,1950-12-05,CS69837202,Coastal Senior Advantage,CSA77,2026-08-20,2026-08-22,1743559571,Maya Patel,Seabreeze Rehab & Nursing,31,1,99309,,1,150.00,M62.81,E11.9,I48.91,,,C06,Y
GPP-2026-001424,Isabella,Sanders,1962-03-13,NS94731484,Northstar Health Plan,NS401,2026-08-25,2026-09-02,1243255894,James Rivera,Gulf Pines Medical Center,21,1,99239,,1,190.00,R26.89,J96.01,,,,C01,Y
GPP-2026-001426,Caleb,Perry,1947-10-17,MP47044271,Meridian PPO,MRD55,2026-01-08,2026-01-15,1204831741,Daniel Ortiz,St. Anselm Hospital,21,1,99238,,1,130.00,J18.9,E87.1,I50.9,R53.81,,C01,Y
GPP-2026-001427,Nathan,Diaz,1962-12-25,NS58224269,Northstar Health Plan,NS401,2026-04-02,2026-04-06,1204831741,Daniel Ortiz,Harborview Care Center,31,1,99306,,1,310.00,E87.1,J96.01,D64.9,,,C03,Y
GPP-2026-001428,Aarav,Burke,1946-09-02,NS21826902,Northstar Health Plan,NS401,2026-01-16,2026-01-24,1489356778,Benjamin Carter,St. Anselm Hospital,21,1,99239,,1,190.00,I50.9,E11.9,E11.65,,,C02,N
GPP-2026-001431,Ella,Hayes,1952-12-08,CS80706435,Coastal Senior Advantage,CSA77,2026-07-10,2026-07-16,1204831741,Daniel Ortiz,Seabreeze Rehab & Nursing,31,1,99309,,1,150.00,N18.30,I50.9,R53.81,,,C08,N
GPP-2026-001432,Emma,Sanders,1938-02-11,NS29694026,Northstar Health Plan,NS401,2026-08-07,2026-08-19,1234301301,Lily Rivera,Bayfront Regional Medical Center,21,1,99238,25,1,130.00,J96.01,Z74.09,N17.9,I48.91,,C05,Y
GPP-2026-001432,Emma,Sanders,1938-02-11,NS29694026,Northstar Health Plan,NS401,2026-08-07,2026-08-19,1234301301,Lily Rivera,Bayfront Regional Medical Center,21,2,94002,,1,180.00,J96.01,Z74.09,N17.9,I48.91,,C05,Y
GPP-2026-001434,Benjamin,Carter,1946-04-18,MP28981909,Meridian PPO,MRD55,2026-01-31,2026-02-04,1247459963,Aarav Ross,Harborview Care Center,31,1,99309,,1,150.00,D64.9,L89.154,,,,C04,Y
GPP-2026-001435,Noah,Gomez,1942-02-24,MP19921703,Meridian PPO,MRD55,2026-08-12,2026-08-20,1024533220,Evelyn Ortiz,St. Anselm Hospital,21,1,99238,,1,130.00,I10,D64.9,,,,C05,N
GPP-2026-001436,Chloe,Stone,1941-02-05,MP56958470,Meridian PPO,MRD55,2026-06-06,2026-06-17,1038518613,Joseph Russell,Clearwater Heart Institute,21,1,99221,,1,180.00,L89.154,E87.1,,,,C02,Y
GPP-2026-001438,Leo,Burke,1954-12-12,MP45227977,Meridian PPO,MRD55,2026-08-10,2026-08-13,1726463346,Mia Hayes,Oakwood Skilled Nursing Center,31,1,99310,,1,215.00,I50.9,M62.81,Z74.09,I10,,C04,N
GPP-2026-001440,Aria,Powell,1962-08-06,CS39172252,Coastal Senior Advantage,CSA77,2026-06-08,2026-06-19,1243255894,James Rivera,Palm Harbor General Hospital,21,1,99222,25,1,245.00,N17.9,I48.91,J44.1,,,C08,Y
GPP-2026-001440,Aria,Powell,1962-08-06,CS39172252,Coastal Senior Advantage,CSA77,2026-06-08,2026-06-19,1243255894,James Rivera,Palm Harbor General Hospital,21,2,31500,,1,260.00,N17.9,I48.91,J44.1,,,C08,Y
GPP-2026-001443,Samuel,Stone,1939-08-01,NS38577323,Northstar Health Plan,NS401,2026-07-12,2026-07-16,1180489969,Lily Stone,Clearwater Heart Institute,21,1,99232,,1,140.00,I10,,,,,C08,Y
GPP-2026-001446,Amelia,Stone,1940-10-16,MP82685036,Meridian PPO,MRD55,2026-06-01,2026-06-10,1262252103,Samuel Pierce,Magnolia Post-Acute,31,1,99306,,1,310.00,E11.65,,,,,C02,Y
GPP-2026-001448,Aria,Powell,1962-08-06,NS63636337,Northstar Health Plan,NS401,2026-01-26,2026-02-03,1038518613,Joseph Russell,Harborview Care Center,31,1,99305,,1,240.00,A41.9,J44.1,N17.9,I48.91,,C02,N
GPP-2026-001450,Ryan,Hayes,1949-01-06,MP39045425,Meridian PPO,MRD55,2026-07-19,2026-07-22,1884992904,Ethan Pierce,Clearwater Heart Institute,21,1,99222,,1,245.00,J96.01,,,,,C03,N
GPP-2026-001452,Arjun,Bennett,1952-03-23,CS98688987,Coastal Senior Advantage,CSA77,2026-01-07,2026-01-11,1778873939,Ryan Diaz,Bayfront Regional Medical Center,21,1,99232,25,1,140.00,Z74.09,A41.9,,,,C05,N
GPP-2026-001452,Arjun,Bennett,1952-03-23,CS98688987,Coastal Senior Advantage,CSA77,2026-01-07,2026-01-11,1778873939,Ryan Diaz,Bayfront Regional Medical Center,21,2,36556,,1,240.00,Z74.09,A41.9,,,,C05,N
GPP-2026-001455,Harper,Powell,1960-12-11,MP52493235,Meridian PPO,MRD55,2026-08-28,2026-09-09,1222921193,Caleb Rivera,Oakwood Skilled Nursing Center,31,1,99308,,1,110.00,M62.81,D64.9,N17.9,J18.9,,C08,Y
GPP-2026-001456,Caleb,Reyes,1940-10-26,MP60162951,Meridian PPO,MRD55,2026-06-25,2026-07-05,1884992904,Ethan Pierce,St. Anselm Hospital,21,1,99239,,1,190.00,R26.89,L89.154,,,,C02,N
GPP-2026-001457,Maya,Morales,1943-11-06,CS25293492,Coastal Senior Advantage,CSA77,2026-07-05,2026-07-15,1606169955,Leena Rao,Magnolia Post-Acute,31,1,99309,,1,150.00,A41.9,R26.89,I48.91,,,C02,Y
GPP-2026-001458,Amelia,Wallace,1960-05-27,CS15818739,Coastal Senior Advantage,CSA77,2026-05-15,2026-05-17,1603023783,Arjun Dunn,Palm Harbor General Hospital,21,1,99231,,1,95.00,A41.9,N17.9,J18.9,E87.1,,C08,N
GPP-2026-001460,Lily,Powell,1950-12-05,NS53251683,Northstar Health Plan,NS401,2026-02-11,2026-02-16,1684726395,Chloe Shah,Clearwater Heart Institute,21,1,99238,,1,130.00,R53.81,,,,,C06,N
GPP-2026-001462,Aria,Ross,1943-11-22,CS46296511,Coastal Senior Advantage,CSA77,2026-01-30,2026-02-06,1884992904,Ethan Pierce,St. Anselm Hospital,21,1,99239,,1,190.00,N18.30,E11.9,,,,C05,N
GPP-2026-001465,Arjun,Holt,1938-11-20,CS54597572,Coastal Senior Advantage,CSA77,2026-08-16,2026-08-18,1234301301,Lily Rivera,St. Anselm Hospital,21,1,99223,,1,330.00,Z74.09,,,,,C08,N
GPP-2026-001466,Emma,Gomez,1958-06-12,CS78359686,Coastal Senior Advantage,CSA77,2026-05-13,2026-05-23,1247459963,Aarav Ross,Gulf Pines Medical Center,21,1,99231,,1,95.00,L89.154,E11.9,J44.1,I48.91,,C08,Y
GPP-2026-001469,Henry,Ward,1956-04-03,CS64157664,Coastal Senior Advantage,CSA77,2026-02-24,2026-02-26,1624878819,Hannah Brooks,Clearwater Heart Institute,21,1,99238,,1,130.00,N18.30,,,,,C03,Y
GPP-2026-001471,Olivia,Pierce,1952-07-28,SM40419515,Sunshine Medicaid Partners,SMP12,2026-02-14,2026-02-25,1624878819,Hannah Brooks,Bayfront Regional Medical Center,21,1,99232,,1,140.00,J96.01,R26.89,J44.1,E11.65,,C06,Y
GPP-2026-001473,Isabella,Kim,1959-02-10,NS32096389,Northstar Health Plan,NS401,2026-05-25,2026-06-06,1743559571,Maya Patel,St. Anselm Hospital,21,1,99223,25,1,330.00,L89.154,J44.1,I48.91,Z74.09,,C01,Y
GPP-2026-001473,Isabella,Kim,1959-02-10,NS32096389,Northstar Health Plan,NS401,2026-05-25,2026-06-06,1743559571,Maya Patel,St. Anselm Hospital,21,2,94002,,1,180.00,L89.154,J44.1,I48.91,Z74.09,,C01,Y
GPP-2026-001475,Zoe,Ward,1952-08-04,SM20582986,Sunshine Medicaid Partners,SMP12,2026-05-28,2026-05-31,1160142182,Liam Lane,Bayfront Regional Medical Center,21,1,99233,,1,205.00,R26.89,I48.91,Z74.09,,,C08,N
GPP-2026-001476,Ethan,Coleman,1956-09-01,NS47648934,Northstar Health Plan,NS401,2026-04-14,2026-04-23,1038518613,Joseph Russell,Gulf Pines Medical Center,21,1,99221,,1,180.00,L89.154,I50.9,D64.9,M62.81,,C07,N
GPP-2026-001477,Nora,Patel,1946-05-08,SM55477114,Sunshine Medicaid Partners,SMP12,2026-05-06,2026-05-14,1247459963,Aarav Ross,St. Anselm Hospital,21,1,99231,,1,95.00,I48.91,L89.154,,,,C07,Y
GPP-2026-001480,James,Hughes,1946-05-10,MP42903350,Meridian PPO,MRD55,2026-06-09,2026-06-14,1243255894,James Rivera,Palm Harbor General Hospital,21,1,99232,,1,140.00,J44.1,L89.154,N18.30,,,C03,N
GPP-2026-001483,Henry,Price,1945-12-05,SM45735079,Sunshine Medicaid Partners,SMP12,2026-08-20,2026-08-25,1884992904,Ethan Pierce,Oakwood Skilled Nursing Center,31,1,99309,,1,150.00,R53.81,M62.81,R26.89,N17.9,,C02,N
GPP-2026-001486,Harper,Jenkins,1939-07-25,MP67439263,Meridian PPO,MRD55,2026-04-30,2026-05-11,1234301301,Lily Rivera,Bayfront Regional Medical Center,21,1,99233,,1,205.00,I10,E87.1,Z74.09,,,C08,Y
GPP-2026-001487,Benjamin,Long,1954-07-13,NS50024174,Northstar Health Plan,NS401,2026-07-12,2026-07-16,1489356778,Benjamin Carter,Seabreeze Rehab & Nursing,31,1,99309,,1,150.00,Z74.09,I48.91,,,,C01,Y
GPP-2026-001490,Aarav,Pierce,1940-05-15,NS69260352,Northstar Health Plan,NS401,2026-02-07,2026-02-14,1436730950,Maya Ortiz,St. Anselm Hospital,21,1,99221,,1,180.00,R26.89,N17.9,R53.81,,,C08,N
GPP-2026-001490,Aarav,Pierce,1940-05-15,NS69260352,Northstar Health Plan,NS401,2026-02-07,2026-02-14,1436730950,Maya Ortiz,St. Anselm Hospital,21,2,31500,,1,260.00,R26.89,N17.9,R53.81,,,C08,N
GPP-2026-001493,Joseph,Coleman,1940-09-05,NS27127640,Northstar Health Plan,NS401,2026-06-02,2026-06-13,1024533220,Evelyn Ortiz,Palm Harbor General Hospital,21,1,99233,,1,205.00,R53.81,I10,R26.89,N17.9,,C07,Y
GPP-2026-001496,Isabella,Diaz,1951-04-17,NS96866974,Northstar Health Plan,NS401,2026-02-08,2026-02-17,1262252103,Samuel Pierce,Palm Harbor General Hospital,21,1,99232,,1,140.00,R26.89,E11.65,E87.1,R53.81,,C06,N
GPP-2026-001498,Liam,Iyer,1942-07-02,CS76817676,Coastal Senior Advantage,CSA77,2026-07-27,2026-07-31,1038518613,Joseph Russell,St. Anselm Hospital,21,1,99221,,1,180.00,R53.81,J44.1,,,,C05,Y
GPP-2026-001498,Liam,Iyer,1942-07-02,CS76817676,Coastal Senior Advantage,CSA77,2026-07-27,2026-07-31,1038518613,Joseph Russell,St. Anselm Hospital,21,2,94002,,1,180.00,R53.81,J44.1,,,,C05,Y
GPP-2026-001499,Maya,Nguyen,1944-08-14,MP33502353,Meridian PPO,MRD55,2026-07-19,2026-07-28,1606169955,Leena Rao,St. Anselm Hospital,21,1,99222,,1,245.00,I10,I11.9,L89.154,R53.81,,C07,N
GPP-2026-001502,Nora,Wolfe,1952-09-16,SM74500648,Sunshine Medicaid Partners,SMP12,2026-01-11,2026-01-18,1743559571,Maya Patel,Palm Harbor General Hospital,21,1,99239,,1,190.00,D64.9,R26.89,A41.9,,,C01,Y
GPP-2026-001505,Amelia,Brooks,1938-09-27,CS90757739,Coastal Senior Advantage,CSA77,2026-08-23,2026-08-25,1872027622,Sofia Jenkins,Clearwater Heart Institute,21,1,99239,,1,190.00,L89.154,E11.9,,,,C08,Y
GPP-2026-001507,Samuel,Powell,1961-08-13,SM26483257,Sunshine Medicaid Partners,SMP12,2026-08-11,2026-08-18,1160142182,Liam Lane,Oakwood Skilled Nursing Center,31,1,99304,,1,170.00,M62.81,J44.1,N17.9,,SMPA695466,C02,N
GPP-2026-001510,Noah,Powell,1957-02-27,CS34238640,Coastal Senior Advantage,CSA77,2026-03-28,2026-04-02,1684726395,Chloe Shah,Bayfront Regional Medical Center,21,1,99233,,1,205.00,N18.30,,,,,C06,N
GPP-2026-001511,Mia,Gomez,1949-01-03,NS95828867,Northstar Health Plan,NS401,2026-06-15,2026-06-23,1489356778,Benjamin Carter,St. Anselm Hospital,21,1,99233,25,1,205.00,I10,R26.89,A41.9,,,C07,Y
GPP-2026-001511,Mia,Gomez,1949-01-03,NS95828867,Northstar Health Plan,NS401,2026-06-15,2026-06-23,1489356778,Benjamin Carter,St. Anselm Hospital,21,2,36556,,1,240.00,I10,R26.89,A41.9,,,C07,Y
GPP-2026-001513,Ava,Wallace,1955-06-19,SM92958244,Sunshine Medicaid Partners,SMP12,2026-03-08,2026-03-11,1180489969,Lily Stone,Clearwater Heart Institute,21,1,99231,,1,95.00,A41.9,E87.1,,,,C03,N
GPP-2026-001515,Hannah,Hughes,1948-01-17,SM93125369,Sunshine Medicaid Partners,SMP12,2026-05-07,2026-05-14,1884992904,Ethan Pierce,Harborview Care Center,31,1,99308,,1,110.00,R53.81,I48.91,,,,C08,Y
GPP-2026-001518,Sofia,Pierce,1952-01-20,CS71413011,Coastal Senior Advantage,CSA77,2026-08-06,2026-08-17,1180489969,Lily Stone,Harborview Care Center,31,1,99307,,1,70.00,I50.9,E11.65,,,,C07,N
GPP-2026-001520,Samuel,Stone,1939-08-01,SM95146704,Sunshine Medicaid Partners,SMP12,2026-02-12,2026-02-18,1436730950,Maya Ortiz,Seabreeze Rehab & Nursing,31,1,99307,,1,70.00,M62.81,E11.9,L89.154,,,C04,Y
GPP-2026-001521,Amelia,Brooks,1938-09-27,NS71852499,Northstar Health Plan,NS401,2026-04-20,2026-05-02,1024533220,Evelyn Ortiz,St. Anselm Hospital,21,1,99233,,1,205.00,M62.81,D64.9,A41.9,N18.30,,C05,Y
GPP-2026-001522,Isaac,Mehta,1945-05-23,CS81802681,Coastal Senior Advantage,CSA77,2026-06-19,2026-06-29,1243255894,James Rivera,Bayfront Regional Medical Center,21,1,99223,,1,330.00,I10,I11.9,J18.9,Z74.09,,C07,N
GPP-2026-001524,Aria,Sanders,1943-08-10,CS48913257,Coastal Senior Advantage,CSA77,2026-03-31,2026-04-07,1436730950,Maya Ortiz,Oakwood Skilled Nursing Center,31,1,99306,,1,310.00,N17.9,A41.9,,,,C04,Y
GPP-2026-001525,Nora,Patel,1946-05-08,NS24123139,Northstar Health Plan,NS401,2026-04-12,2026-04-16,1180489969,Lily Stone,St. Anselm Hospital,21,1,99223,,1,330.00,J96.01,R26.89,I10,L89.154,,C08,N
GPP-2026-001527,Henry,Ward,1955-10-13,NS50746835,Northstar Health Plan,NS401,2026-04-29,2026-05-10,1884992904,Ethan Pierce,Palm Harbor General Hospital,21,1,99233,,1,205.00,A41.9,,,,,C01,N
GPP-2026-001529,Maya,Burke,1949-04-18,NS88263023,Northstar Health Plan,NS401,2026-05-06,2026-05-14,1743559571,Maya Patel,Palm Harbor General Hospital,21,1,99233,,1,205.00,R26.89,N18.30,J44.1,D64.9,,C03,Y
GPP-2026-001532,Benjamin,Ortiz,1957-04-09,SM57698621,Sunshine Medicaid Partners,SMP12,2026-02-26,2026-03-04,1603023783,Arjun Dunn,Magnolia Post-Acute,31,1,99306,,1,310.00,I10,,,,,C08,Y
GPP-2026-001535,Mateo,Fisher,1947-10-16,NS40899804,Northstar Health Plan,NS401,2026-06-11,2026-06-16,1247459963,Aarav Ross,Gulf Pines Medical Center,21,1,99232,,1,140.00,N18.30,,,,,C05,Y
GPP-2026-001536,Emma,Powell,1941-04-24,CS33305253,Coastal Senior Advantage,CSA77,2026-06-14,2026-06-16,1160142182,Liam Lane,Palm Harbor General Hospital,21,1,99232,,1,140.00,E87.1,J44.1,J96.01,,,C04,Y
GPP-2026-001538,Nathan,Wolfe,1947-11-13,SM97991776,Sunshine Medicaid Partners,SMP12,2026-06-14,2026-06-17,1572028870,Lily Kim,Magnolia Post-Acute,31,1,99308,,1,110.00,L89.154,A41.9,D64.9,I10,,C04,Y
GPP-2026-001539,Grace,Fisher,1939-01-02,CS53926443,Coastal Senior Advantage,CSA77,2026-03-24,2026-03-29,1884992904,Ethan Pierce,Seabreeze Rehab & Nursing,31,1,99309,,1,150.00,J96.01,D64.9,I10,Z74.09,,C08,N
GPP-2026-001540,Henry,Stone,1959-11-05,NS80689968,Northstar Health Plan,NS401,2026-02-10,2026-02-20,1572028870,Lily Kim,Palm Harbor General Hospital,21,1,99233,,1,205.00,J18.9,J44.1,I48.91,R53.81,,C08,Y
GPP-2026-001543,Lucas,Pierce,1948-07-11,NS51362767,Northstar Health Plan,NS401,2026-02-15,2026-02-20,1262252103,Samuel Pierce,Bayfront Regional Medical Center,21,1,99231,,1,95.00,J18.9,E87.1,J96.01,,,C08,N
GPP-2026-001544,David,Wolfe,1941-07-18,SM80524647,Sunshine Medicaid Partners,SMP12,2026-08-02,2026-08-08,1743559571,Maya Patel,Clearwater Heart Institute,21,1,99239,,1,190.00,I48.91,N17.9,,,,C08,N
GPP-2026-001547,Mia,Ortiz,1962-12-18,CS69140821,Coastal Senior Advantage,CSA77,2026-06-27,2026-07-07,1024533220,Evelyn Ortiz,Harborview Care Center,31,1,99309,,1,150.00,J44.1,E11.65,J96.01,,,C03,Y
GPP-2026-001549,Olivia,Ramirez,1950-12-10,NS15480229,Northstar Health Plan,NS401,2026-08-15,2026-08-17,1180489969,Lily Stone,Harborview Care Center,31,1,99309,,1,150.00,J18.9,I50.9,E11.9,L89.154,,C03,Y
GPP-2026-001550,Nora,Stone,1940-06-06,SM47782392,Sunshine Medicaid Partners,SMP12,2026-06-17,2026-06-22,1778873939,Ryan Diaz,Seabreeze Rehab & Nursing,31,1,99306,,1,310.00,I50.9,J96.01,R53.81,,,C02,Y
GPP-2026-001553,Leo,Holt,1942-12-12,CS22973861,Coastal Senior Advantage,CSA77,2026-04-27,2026-05-01,1290065238,Riya Wolfe,Gulf Pines Medical Center,21,1,99222,,1,245.00,N18.30,N17.9,,,,C06,N
GPP-2026-001556,Sofia,Reyes,1948-03-21,CS47055847,Coastal Senior Advantage,CSA77,2026-04-17,2026-04-29,1684726395,Chloe Shah,St. Anselm Hospital,21,1,99222,,1,245.00,D64.9,E87.1,I50.9,M62.81,,C04,Y
GPP-2026-001558,Leo,Holt,1942-12-12,NS67305635,Northstar Health Plan,NS401,2026-05-30,2026-06-10,1425271610,Emma Brooks,Gulf Pines Medical Center,21,1,99231,,1,95.00,R26.89,A41.9,,,,C04,N
GPP-2026-001559,Lucas,Fisher,1938-03-23,MP70877415,Meridian PPO,MRD55,2026-07-09,2026-07-12,1778873939,Ryan Diaz,Seabreeze Rehab & Nursing,31,1,99310,,1,215.00,D64.9,,,,,C04,N
GPP-2026-001562,Liam,Iyer,1942-07-02,SM85738622,Sunshine Medicaid Partners,SMP12,2026-04-20,2026-05-02,1234301301,Lily Rivera,Gulf Pines Medical Center,21,1,99233,,1,205.00,A41.9,,,,,C03,Y
GPP-2026-001563,Chloe,Ward,1951-08-21,CS99225233,Coastal Senior Advantage,CSA77,2026-04-06,2026-04-17,1024533220,Evelyn Ortiz,Harborview Care Center,31,1,99309,,1,150.00,E87.1,I10,,,,C05,N
GPP-2026-001565,Lily,Iyer,1949-08-02,SM83239849,Sunshine Medicaid Partners,SMP12,2026-01-26,2026-02-06,1489356778,Benjamin Carter,Bayfront Regional Medical Center,21,1,99238,,1,130.00,E87.1,J96.01,,,,C04,Y
GPP-2026-001568,Caleb,Iyer,1941-11-20,NS91515450,Northstar Health Plan,NS401,2026-05-08,2026-05-10,1425271610,Emma Brooks,St. Anselm Hospital,21,1,99239,,1,190.00,D64.9,M62.81,,,,C02,N
GPP-2026-001568,Caleb,Iyer,1941-11-20,NS91515450,Northstar Health Plan,NS401,2026-05-08,2026-05-10,1425271610,Emma Brooks,St. Anselm Hospital,21,2,31500,,1,260.00,D64.9,M62.81,,,,C02,N
GPP-2026-001570,Joseph,Reyes,1955-11-26,MP48629860,Meridian PPO,MRD55,2026-04-23,2026-08-11,1262252103,Samuel Pierce,Seabreeze Rehab & Nursing,31,1,99310,,1,215.00,M62.81,Z74.09,,,,C04,Y
GPP-2026-001571,Arjun,Price,1938-07-14,SM84332652,Sunshine Medicaid Partners,SMP12,2026-03-28,2026-04-01,1872027622,Sofia Jenkins,Seabreeze Rehab & Nursing,31,1,99309,,1,150.00,J18.9,,,,,C04,Y
GPP-2026-001573,Joseph,Russell,1961-06-17,CS95975919,Coastal Senior Advantage,CSA77,2026-06-08,2026-06-17,1436730950,Maya Ortiz,Palm Harbor General Hospital,21,1,99233,,1,205.00,L89.154,A41.9,J96.01,I48.91,,C03,Y
GPP-2026-001574,Samuel,Powell,1961-08-13,CS38734228,Coastal Senior Advantage,CSA77,2026-02-20,2026-02-28,1726463346,Mia Hayes,Magnolia Post-Acute,31,1,99310,,1,215.00,A41.9,L89.154,,,,C06,Y
GPP-2026-001576,James,Brooks,1938-01-06,CS46551633,Coastal Senior Advantage,CSA77,2026-02-04,2026-02-08,1247459963,Aarav Ross,St. Anselm Hospital,21,1,99223,,1,330.00,J96.01,A41.9,I50.9,E87.1,,C03,N
GPP-2026-001578,Caleb,Burke,1950-10-17,NS75185387,Northstar Health Plan,NS401,2026-01-08,2026-01-13,1024533220,Evelyn Ortiz,Bayfront Regional Medical Center,21,1,99233,,1,205.00,I48.91,R53.81,,,,C05,N
GPP-2026-001581,Amelia,Kim,1952-09-04,CS24036914,Coastal Senior Advantage,CSA77,2026-04-17,2026-04-28,1624878819,Hannah Brooks,Clearwater Heart Institute,21,1,99233,,1,205.00,L89.154,I48.91,R53.81,D64.9,,C01,Y
GPP-2026-001583,Harper,Fisher,1939-02-12,NS47760315,Northstar Health Plan,NS401,2026-05-06,2026-05-08,1243255894,James Rivera,Clearwater Heart Institute,21,1,99232,,1,140.00,J18.9,I10,J44.1,I50.9,,C08,N
GPP-2026-001585,Caleb,Burke,1950-10-17,CS14022829,Coastal Senior Advantage,CSA77,2026-02-21,2026-02-23,1884992904,Ethan Pierce,Seabreeze Rehab & Nursing,31,1,99309,,1,150.00,N18.30,E87.1,,,,C02,N
GPP-2026-001586,Aarav,Ward,1955-06-05,MP39448201,Meridian PPO,MRD55,2026-07-08,2026-07-11,1272117833,Mia Hughes,Palm Harbor General Hospital,21,1,99223,,1,330.00,E11.9,Z74.09,,,,C07,Y
GPP-2026-001587,Henry,Rivera,1950-07-10,SM95154047,Sunshine Medicaid Partners,SMP12,2026-07-17,2026-07-25,1234301301,Lily Rivera,Bayfront Regional Medical Center,21,1,99238,,1,130.00,J96.01,R26.89,I10,N17.9,,C08,Y
GPP-2026-001590,Noah,Kim,1960-06-02,MP24881430,Meridian PPO,MRD55,2026-04-12,2026-04-24,1884992904,Ethan Pierce,Palm Harbor General Hospital,21,1,99233,,1,205.00,J18.9,,,,,C07,N
GPP-2026-001591,Nora,Fisher,1943-11-19,SM88564090,Sunshine Medicaid Partners,SMP12,2026-04-11,2026-04-18,1572028870,Lily Kim,Magnolia Post-Acute,31,1,99306,,1,310.00,J96.01,,,,,C01,Y
GPP-2026-001592,Ella,Morales,1940-02-22,CS69399759,Coastal Senior Advantage,CSA77,2026-01-15,2026-01-22,1222921193,Caleb Rivera,Gulf Pines Medical Center,21,1,99233,,1,205.00,E11.65,I10,J44.1,L89.154,,C05,Y
GPP-2026-001594,Chloe,Long,1942-09-05,SM61212060,Sunshine Medicaid Partners,SMP12,2026-03-31,2026-04-08,1247459963,Aarav Ross,Gulf Pines Medical Center,21,1,99222,25,1,245.00,E87.1,J96.01,,,,C02,N
GPP-2026-001594,Chloe,Long,1942-09-05,SM61212060,Sunshine Medicaid Partners,SMP12,2026-03-31,2026-04-08,1247459963,Aarav Ross,Gulf Pines Medical Center,21,2,36556,,1,240.00,E87.1,J96.01,,,,C02,N
GPP-2026-001595,Henry,Stone,1943-09-15,NS23690802,Northstar Health Plan,NS401,2026-01-25,2026-02-02,1290065238,Riya Wolfe,St. Anselm Hospital,21,1,99239,,1,190.00,M62.81,J44.1,E11.65,,,C02,N
GPP-2026-001598,James,Brooks,1938-01-06,MP68148585,Meridian PPO,MRD55,2026-07-24,2026-08-01,1160142182,Liam Lane,Bayfront Regional Medical Center,21,1,99222,,1,245.00,Z74.09,,,,,C01,N
GPP-2026-001601,Ava,Lane,1950-06-04,CS92649383,Coastal Senior Advantage,CSA77,2026-01-22,2026-02-03,1425271610,Emma Brooks,Clearwater Heart Institute,21,1,99238,,1,130.00,N18.30,E11.9,,,,C04,Y
GPP-2026-001604,Mateo,Perry,1952-03-18,SM66619183,Sunshine Medicaid Partners,SMP12,2026-05-16,2026-05-20,1247459963,Aarav Ross,Gulf Pines Medical Center,21,1,99231,,1,95.00,I50.9,,,,,C03,N
GPP-2026-001607,Isaac,Morales,1948-01-02,MP99867596,Meridian PPO,MRD55,2026-06-09,2026-06-14,1262252103,Samuel Pierce,Clearwater Heart Institute,21,1,99223,,1,330.00,I48.91,N17.9,E87.1,,,C06,N
GPP-2026-001608,Ryan,Diaz,1950-08-16,MP43098587,Meridian PPO,MRD55,2026-03-08,2026-03-17,1204831741,Daniel Ortiz,Bayfront Regional Medical Center,21,1,99233,,1,205.00,L89.154,,,,,C07,Y
GPP-2026-001609,Lucas,Diaz,1958-09-26,NS61957823,Northstar Health Plan,NS401,2026-06-17,2026-06-28,1778873939,Ryan Diaz,Bayfront Regional Medical Center,21,1,99221,25,1,180.00,L89.154,,,,,C04,Y
GPP-2026-001609,Lucas,Diaz,1958-09-26,NS61957823,Northstar Health Plan,NS401,2026-06-17,2026-06-28,1778873939,Ryan Diaz,Bayfront Regional Medical Center,21,2,36556,,1,240.00,L89.154,,,,,C04,Y
GPP-2026-001610,Aarav,Pierce,1948-09-18,MP11222964,Meridian PPO,MRD55,2026-06-27,2026-07-09,1884992904,Ethan Pierce,Bayfront Regional Medical Center,21,1,99239,,1,190.00,E11.65,,,,,C01,Y
GPP-2026-001612,Maya,Sanders,1940-11-23,MP47581502,Meridian PPO,MRD55,2026-06-13,2026-06-18,1262252103,Samuel Pierce,Clearwater Heart Institute,21,1,99238,,1,130.00,J18.9,E11.9,,,,C01,Y
GPP-2026-001615,Arjun,Perry,1957-09-23,MP82920240,Meridian PPO,MRD55,2026-03-16,2026-03-26,1290065238,Riya Wolfe,Bayfront Regional Medical Center,21,1,99223,,1,330.00,I10,,,,,C08,Y
GPP-2026-001617,Chloe,Ward,1951-08-21,SM53939808,Sunshine Medicaid Partners,SMP12,2026-05-17,2026-05-24,1489356778,Benjamin Carter,Harborview Care Center,31,1,99306,,1,310.00,L89.154,N17.9,I50.9,D64.9,,C05,N
GPP-2026-001619,Chloe,Powell,1958-01-24,MP49781750,Meridian PPO,MRD55,2026-07-15,2026-07-18,1204831741,Daniel Ortiz,Seabreeze Rehab & Nursing,31,1,99310,,1,215.00,J18.9,,,,,C06,N
GPP-2026-001620,Isaac,Carter,1947-03-21,NS92766597,Northstar Health Plan,NS401,2026-06-23,2026-06-28,1180489969,Lily Stone,Bayfront Regional Medical Center,21,1,99233,25,1,205.00,I10,I11.9,I50.9,J18.9,,C07,N
GPP-2026-001620,Isaac,Carter,1947-03-21,NS92766597,Northstar Health Plan,NS401,2026-06-23,2026-06-28,1180489969,Lily Stone,Bayfront Regional Medical Center,21,2,94002,,1,180.00,I10,I11.9,I50.9,J18.9,,C07,N
GPP-2026-001623,Arjun,Reyes,1945-09-09,SM85556568,Sunshine Medicaid Partners,SMP12,2026-08-23,2026-08-27,1038518613,Joseph Russell,Clearwater Heart Institute,21,1,99232,,1,140.00,I48.91,J96.01,N17.9,J44.1,,C05,Y
GPP-2026-001626,Isabella,Hughes,1945-10-05,NS62008563,Northstar Health Plan,NS401,2026-04-21,2026-04-30,1180489969,Lily Stone,Palm Harbor General Hospital,21,1,99231,,1,95.00,J44.1,E87.1,J96.01,,,C06,Y
GPP-2026-001629,Leo,Rivera,1950-04-22,MP73586492,Meridian PPO,MRD55,2026-07-25,2026-07-27,1038518613,Joseph Russell,Gulf Pines Medical Center,21,1,99232,,1,140.00,N18.30,E11.9,I48.91,,,C08,N
GPP-2026-001630,Lily,Ross,1961-03-20,CS19205506,Coastal Senior Advantage,CSA77,2026-02-12,2026-02-16,1038518613,Joseph Russell,Bayfront Regional Medical Center,21,1,99232,,1,140.00,I10,,,,,C04,N
GPP-2026-001631,Emma,Pierce,1954-11-10,NS95728335,Northstar Health Plan,NS401,2026-01-05,2026-01-07,1572028870,Lily Kim,Bayfront Regional Medical Center,21,1,99239,,1,190.00,R53.81,R26.89,,,,C07,N
GPP-2026-001634,Lucas,Kim,1962-10-20,MP85106812,Meridian PPO,MRD55,2026-04-04,2026-04-07,1726463346,Mia Hayes,Bayfront Regional Medical Center,21,1,99232,,1,140.00,M62.81,J18.9,,,,C02,N
GPP-2026-001637,Amelia,Brooks,1942-10-11,NS31806186,Northstar Health Plan,NS401,2026-08-28,2026-09-02,1204831741,Daniel Ortiz,Gulf Pines Medical Center,21,1,99233,,1,205.00,E87.1,A41.9,R53.81,N18.30,,C04,Y
GPP-2026-001639,Aarav,Pierce,1940-05-15,NS17535189,Northstar Health Plan,NS401,2026-01-28,2026-02-06,1778873939,Ryan Diaz,Oakwood Skilled Nursing Center,31,1,99309,,1,150.00,A41.9,R53.81,,,,C02,N
GPP-2026-001640,Ella,Hayes,1952-12-08,CS61209247,Coastal Senior Advantage,CSA77,2026-05-27,2026-06-08,1290065238,Riya Wolfe,Harborview Care Center,31,1,99306,,1,310.00,L89.154,E11.9,A41.9,,,C03,Y
GPP-2026-001641,Ava,Price,1962-11-11,NS99041849,Northstar Health Plan,NS401,2026-06-10,2026-06-19,1425271610,Emma Brooks,Bayfront Regional Medical Center,21,1,99231,,1,95.00,I10,J18.9,E11.65,,,C04,Y
GPP-2026-001642,Caleb,Russell,1957-11-01,NS65748451,Northstar Health Plan,NS401,2026-03-02,2026-03-04,1743559571,Maya Patel,Magnolia Post-Acute,31,1,99304,,1,170.00,R26.89,L89.154,M62.81,,,C01,N
GPP-2026-001643,James,Griffin,1945-05-06,CS71185789,Coastal Senior Advantage,CSA77,2026-06-22,2026-07-03,1884992904,Ethan Pierce,Magnolia Post-Acute,31,1,99308,,1,110.00,A41.9,E11.9,R53.81,,,C02,N
GPP-2026-001644,Zoe,Dunn,1959-04-19,NS29985952,Northstar Health Plan,NS401,2026-04-01,2026-04-10,1290065238,Riya Wolfe,Seabreeze Rehab & Nursing,31,1,99309,,1,150.00,A41.9,J96.01,Z74.09,,,C03,N
GPP-2026-001645,Ava,Wallace,1955-06-19,NS31357388,Northstar Health Plan,NS401,2026-02-20,2026-02-26,1425271610,Emma Brooks,Clearwater Heart Institute,21,1,99223,,1,330.00,L89.154,,,,,C05,Y
GPP-2026-001647,Benjamin,Ortiz,1957-04-09,NS50251187,Northstar Health Plan,NS401,2026-05-09,2026-05-11,1160142182,Liam Lane,Bayfront Regional Medical Center,21,1,99221,,1,180.00,A41.9,,,,,C02,N
GPP-2026-001648,Henry,Price,1945-12-05,NS90215117,Northstar Health Plan,NS401,2026-07-08,2026-07-13,1743559571,Maya Patel,Palm Harbor General Hospital,21,1,99231,25,1,95.00,R53.81,R26.89,,,,C05,Y
GPP-2026-001648,Henry,Price,1945-12-05,NS90215117,Northstar Health Plan,NS401,2026-07-08,2026-07-13,1743559571,Maya Patel,Palm Harbor General Hospital,21,2,31500,,1,260.00,R53.81,R26.89,,,,C05,Y
GPP-2026-001649,James,Bennett,1946-04-09,CS32170207,Coastal Senior Advantage,CSA77,2026-02-28,2026-03-11,1572028870,Lily Kim,St. Anselm Hospital,21,1,99238,25,1,130.00,J18.9,J96.01,,,,C05,Y
GPP-2026-001649,James,Bennett,1946-04-09,CS32170207,Coastal Senior Advantage,CSA77,2026-02-28,2026-03-11,1572028870,Lily Kim,St. Anselm Hospital,21,2,31500,,1,260.00,J18.9,J96.01,,,,C05,Y
GPP-2026-001651,Leo,Pierce,1942-09-10,SM14760848,Sunshine Medicaid Partners,SMP12,2026-01-10,2026-01-18,1247459963,Aarav Ross,Bayfront Regional Medical Center,21,1,99221,,1,180.00,E11.9,N17.9,R26.89,,,C01,Y
GPP-2026-001653,Mateo,Long,1946-10-04,CS77745037,Coastal Senior Advantage,CSA77,2026-04-11,2026-04-18,1243255894,James Rivera,Gulf Pines Medical Center,21,1,99221,,1,180.00,D64.9,,,,,C06,N
GPP-2026-001654,Isabella,Fisher,1939-07-10,MP45240160,Meridian PPO,MRD55,2026-08-02,2026-08-11,1243255894,James Rivera,Seabreeze Rehab & Nursing,31,1,99309,,1,150.00,A41.9,J44.1,L89.154,,,C03,N
GPP-2026-001655,Amelia,Dunn,1943-01-20,CS73461678,Coastal Senior Advantage,CSA77,2026-07-04,2026-07-09,1606169955,Leena Rao,Magnolia Post-Acute,31,1,99306,,1,310.00,R26.89,E11.65,,,,C02,N
GPP-2026-001656,Samuel,Perry,1951-09-23,SM50520826,Sunshine Medicaid Partners,SMP12,2026-01-30,2026-02-05,1024533220,Evelyn Ortiz,Bayfront Regional Medical Center,21,1,99238,,1,130.00,J96.01,A41.9,E87.1,,,C05,N
GPP-2026-001659,Caleb,Patel,1946-01-27,NS35862522,Northstar Health Plan,NS401,2026-01-24,2026-01-28,1436730950,Maya Ortiz,Palm Harbor General Hospital,21,1,99221,,1,180.00,R53.81,A41.9,E11.65,,,C03,Y
GPP-2026-001662,Noah,Bennett,1940-10-06,CS75141975,Coastal Senior Advantage,CSA77,2026-05-07,2026-05-18,1180489969,Lily Stone,Oakwood Skilled Nursing Center,31,1,99308,,1,110.00,N18.30,,,,,C05,Y
GPP-2026-001665,Grace,Wallace,1955-12-17,SM33085879,Sunshine Medicaid Partners,SMP12,2026-03-09,2026-03-14,1436730950,Maya Ortiz,Oakwood Skilled Nursing Center,31,1,99304,,1,170.00,I48.91,N17.9,E11.65,J44.1,,C05,Y
GPP-2026-001668,Arjun,Bennett,1952-03-23,SM66354418,Sunshine Medicaid Partners,SMP12,2026-05-15,2026-05-23,1290065238,Riya Wolfe,Clearwater Heart Institute,21,1,99238,,1,130.00,N17.9,A41.9,M62.81,I10,,C07,N
GPP-2026-001671,Joseph,Reyes,1955-11-26,NS74615377,Northstar Health Plan,NS401,2026-04-01,2026-04-05,1603023783,Arjun Dunn,Palm Harbor General Hospital,21,1,99233,,1,205.00,J44.1,E11.9,,,,C04,Y
GPP-2026-001672,Samuel,Powell,1961-08-13,CS64641891,Coastal Senior Advantage,CSA77,2026-02-27,2026-03-03,1290065238,Riya Wolfe,Clearwater Heart Institute,21,1,99232,,1,140.00,I10,D64.9,,,,C07,Y
GPP-2026-001674,Layla,Kim,1947-10-22,CS81684564,Coastal Senior Advantage,CSA77,2026-06-18,2026-06-25,1272117833,Mia Hughes,Bayfront Regional Medical Center,21,1,99232,,1,140.00,J44.1,,,,,C03,Y
GPP-2026-001675,Isaac,Iyer,1943-02-13,CS89598598,Coastal Senior Advantage,CSA77,2026-03-30,2026-04-02,1222921193,Caleb Rivera,Oakwood Skilled Nursing Center,31,1,99307,,1,70.00,E11.65,J18.9,N17.9,,,C01,Y
GPP-2026-001678,Noah,Ramirez,1955-03-15,NS48438595,Northstar Health Plan,NS401,2026-03-08,2026-03-14,1290065238,Riya Wolfe,Bayfront Regional Medical Center,21,1,99233,,1,205.00,N17.9,D64.9,Z74.09,,,C05,N
GPP-2026-001679,Ryan,Bennett,1960-08-16,NS64405999,Northstar Health Plan,NS401,2026-05-12,2026-05-14,1425271610,Emma Brooks,Magnolia Post-Acute,31,1,99309,,1,150.00,I48.91,I10,N18.30,R53.81,,C07,N
GPP-2026-001682,Nora,Bennett,1941-03-07,NS77967807,Northstar Health Plan,NS401,2026-06-23,2026-06-29,1234301301,Lily Rivera,Clearwater Heart Institute,21,1,99223,,1,330.00,I10,I11.9,Z74.09,J18.9,,C07,N
GPP-2026-001684,Caleb,Reyes,1940-10-26,NS91159510,Northstar Health Plan,NS401,2026-07-11,2026-07-21,1884992904,Ethan Pierce,Seabreeze Rehab & Nursing,31,1,99307,,1,70.00,M62.81,I48.91,J18.9,,,C04,N
GPP-2026-001687,Liam,Nguyen,1955-05-10,MP87678887,Meridian PPO,MRD55,2026-06-27,2026-06-29,1160142182,Liam Lane,Clearwater Heart Institute,21,1,99238,,1,130.00,I10,E11.65,,,,C07,N
GPP-2026-001688,Mia,Ross,1950-05-11,CS43208462,Coastal Senior Advantage,CSA77,2026-06-22,2026-07-04,1204831741,Daniel Ortiz,Magnolia Post-Acute,31,1,99310,,1,215.00,I48.91,J18.9,E87.1,,,C04,N
GPP-2026-001691,Mateo,Iyer,1955-10-12,CS83670597,Coastal Senior Advantage,CSA77,2026-08-11,2026-08-22,1684726395,Chloe Shah,Gulf Pines Medical Center,21,1,99221,,1,180.00,I50.9,,,,,C07,Y
GPP-2026-001694,Ella,Hayes,1952-12-08,NS58944805,Northstar Health Plan,NS401,2026-07-17,2026-07-25,1204831741,Daniel Ortiz,Clearwater Heart Institute,21,1,99221,,1,180.00,L89.154,I50.9,A41.9,E11.65,,C06,N
GPP-2026-001696,Caleb,Reyes,1954-02-05,NS73545607,Northstar Health Plan,NS401,2026-03-28,2026-03-31,1160142182,Liam Lane,Harborview Care Center,31,1,99306,,1,310.00,E11.9,J18.9,N17.9,,,C03,Y
GPP-2026-001697,Nora,Patel,1946-05-08,NS11574327,Northstar Health Plan,NS401,2026-08-23,2026-08-26,1290065238,Riya Wolfe,Gulf Pines Medical Center,21,1,99239,25,1,190.00,D64.9,I10,E11.65,L89.154,,C01,Y
GPP-2026-001697,Nora,Patel,1946-05-08,NS11574327,Northstar Health Plan,NS401,2026-08-23,2026-08-26,1290065238,Riya Wolfe,Gulf Pines Medical Center,21,2,94002,,1,180.00,D64.9,I10,E11.65,L89.154,,C01,Y
GPP-2026-001700,Grace,Bennett,1947-03-05,NS71277207,Northstar Health Plan,NS401,2026-02-24,2026-03-08,1243255894,James Rivera,Harborview Care Center,31,1,99309,,1,150.00,R26.89,,,,,C05,N
GPP-2026-001703,Grace,Fisher,1958-12-02,SM60404845,Sunshine Medicaid Partners,SMP12,2026-03-20,2026-03-30,1624878819,Hannah Brooks,Clearwater Heart Institute,21,1,99232,,1,140.00,L89.154,E11.9,I10,J44.1,,C04,Y
GPP-2026-001704,Lucas,Stone,1944-08-05,MP11928695,Meridian PPO,MRD55,2026-03-04,2026-03-06,1603023783,Arjun Dunn,Clearwater Heart Institute,21,1,99231,,1,95.00,R26.89,I10,,,,C08,Y
GPP-2026-001707,Amelia,Brooks,1938-09-27,MP97242591,Meridian PPO,MRD55,2026-07-12,2026-07-16,1160142182,Liam Lane,St. Anselm Hospital,21,1,99239,,1,190.00,A41.9,I10,,,,C06,Y
GPP-2026-001708,Leo,Rivera,1950-04-22,CS50960067,Coastal Senior Advantage,CSA77,2026-04-10,2026-04-19,1425271610,Emma Brooks,Clearwater Heart Institute,21,1,99231,,1,95.00,I10,I11.9,L89.154,A41.9,,C07,N
GPP-2026-001711,Isaac,Kim,1961-09-10,CS80690798,Coastal Senior Advantage,CSA77,2026-03-11,2026-03-14,1572028870,Lily Kim,St. Anselm Hospital,21,1,99233,25,1,205.00,A41.9,R53.81,I10,,,C04,N
GPP-2026-001711,Isaac,Kim,1961-09-10,CS80690798,Coastal Senior Advantage,CSA77,2026-03-11,2026-03-14,1572028870,Lily Kim,St. Anselm Hospital,21,2,93010,,1,25.00,A41.9,R53.81,I10,,,C04,N
GPP-2026-001712,Caleb,Stone,1954-02-05,MP82136722,Meridian PPO,MRD55,2026-04-28,2026-05-02,1262252103,Samuel Pierce,St. Anselm Hospital,21,1,99238,,1,130.00,R53.81,E87.1,N17.9,,,C02,Y
GPP-2026-001712,Caleb,Stone,1954-02-05,MP82136722,Meridian PPO,MRD55,2026-04-28,2026-05-02,1262252103,Samuel Pierce,St. Anselm Hospital,21,2,93010,,1,25.00,R53.81,E87.1,N17.9,,,C02,Y
GPP-2026-001715,Emma,Myers,1949-07-07,SM50002522,Sunshine Medicaid Partners,SMP12,2026-01-31,2026-02-03,1180489969,Lily Stone,Bayfront Regional Medical Center,21,1,99221,,1,180.00,I50.9,L89.154,N18.30,,,C08,Y
GPP-2026-001717,Emma,Brooks,1938-03-26,NS42709876,Northstar Health Plan,NS401,2026-03-29,2026-04-01,1572028870,Lily Kim,Magnolia Post-Acute,31,1,99306,,1,310.00,M62.81,N17.9,I50.9,,,C07,Y
GPP-2026-001719,Liam,Hughes,1957-11-04,MP63412535,Meridian PPO,MRD55,2026-01-20,2026-02-01,1243255894,James Rivera,Seabreeze Rehab & Nursing,31,1,99306,,1,310.00,N18.30,L89.154,J18.9,,,C02,Y
GPP-2026-001720,Lily,Griffin,1941-05-11,CS31753896,Coastal Senior Advantage,CSA77,2026-03-16,2026-03-25,1684726395,Chloe Shah,Palm Harbor General Hospital,21,1,99239,,1,190.00,R53.81,,,,,C01,Y
GPP-2026-001723,Joseph,Russell,1961-06-17,CS41221403,Coastal Senior Advantage,CSA77,2026-03-16,2026-03-23,1038518613,Joseph Russell,Bayfront Regional Medical Center,21,1,99223,,1,330.00,J44.1,E11.9,,,,C06,Y
GPP-2026-001726,Daniel,Rivera,1941-09-26,NS29425442,Northstar Health Plan,NS401,2026-05-19,2026-05-24,1872027622,Sofia Jenkins,Palm Harbor General Hospital,21,1,99232,25,1,140.00,R53.81,I50.9,L89.154,,,C03,N
GPP-2026-001726,Daniel,Rivera,1941-09-26,NS29425442,Northstar Health Plan,NS401,2026-05-19,2026-05-24,1872027622,Sofia Jenkins,Palm Harbor General Hospital,21,2,31500,,1,260.00,R53.81,I50.9,L89.154,,,C03,N
GPP-2026-001727,Lucas,Burke,1951-12-11,CS70312877,Coastal Senior Advantage,CSA77,2026-05-08,2026-05-11,1243255894,James Rivera,St. Anselm Hospital,21,1,99222,,1,245.00,E87.1,Z74.09,N17.9,,,C08,N
GPP-2026-001728,Joseph,Foster,1952-09-12,MP18082818,Meridian PPO,MRD55,2026-01-21,2026-01-26,1290065238,Riya Wolfe,Gulf Pines Medical Center,21,1,99239,,1,190.00,I10,I11.9,R53.81,Z74.09,,C07,N
GPP-2026-001730,Caleb,Ramirez,1953-05-06,NS34379411,Northstar Health Plan,NS401,2026-01-19,2026-01-21,1425271610,Emma Brooks,St. Anselm Hospital,21,1,99233,,1,205.00,I10,,,,,C03,N
GPP-2026-001730,Caleb,Ramirez,1953-05-06,NS34379411,Northstar Health Plan,NS401,2026-01-19,2026-01-21,1425271610,Emma Brooks,St. Anselm Hospital,21,2,31500,,1,260.00,I10,,,,,C03,N
GPP-2026-001732,Nathan,Diaz,1962-12-25,CS92990834,Coastal Senior Advantage,CSA77,2026-03-07,2026-03-10,1603023783,Arjun Dunn,Palm Harbor General Hospital,21,1,99233,,1,205.00,J44.1,R53.81,,,,C05,N
GPP-2026-001733,Henry,Holt,1945-09-17,MP97806330,Meridian PPO,MRD55,2026-04-26,2026-05-07,1234301301,Lily Rivera,Gulf Pines Medical Center,21,1,99233,,1,205.00,L89.154,R26.89,J18.9,,,C04,N
GPP-2026-001734,Chloe,Lane,1943-05-07,NS54724757,Northstar Health Plan,NS401,2026-03-19,2026-03-28,1038518613,Joseph Russell,Oakwood Skilled Nursing Center,31,1,99304,,1,170.00,D64.9,E11.65,I50.9,,,C01,N
GPP-2026-001735,Nora,Diaz,1958-10-15,NS97428147,Northstar Health Plan,NS401,2026-04-18,2026-04-22,1436730950,Maya Ortiz,Gulf Pines Medical Center,21,1,99239,,1,190.00,D64.9,,,,,C08,Y
GPP-2026-001738,Ella,Hayes,1952-12-08,NS80170570,Northstar Health Plan,NS401,2026-08-28,2026-09-01,1726463346,Mia Hayes,Gulf Pines Medical Center,21,1,99239,,1,190.00,Z74.09,I50.9,N18.30,E11.9,,C06,N
GPP-2026-001741,Riya,Ortiz,1955-10-11,MP29086068,Meridian PPO,MRD55,2026-01-10,2026-05-06,1272117833,Mia Hughes,Clearwater Heart Institute,21,1,99232,,1,140.00,N18.30,I10,R26.89,N17.9,,C08,N
GPP-2026-001744,Chloe,Sanders,1946-08-19,CS70448841,Coastal Senior Advantage,CSA77,2026-05-10,2026-05-19,1024533220,Evelyn Ortiz,Palm Harbor General Hospital,21,1,99231,,1,95.00,N17.9,I50.9,I10,,,C01,Y
GPP-2026-001747,Caleb,Perry,1947-10-17,NS56025047,Northstar Health Plan,NS401,2026-06-16,2026-06-21,1726463346,Mia Hayes,Bayfront Regional Medical Center,21,1,99221,25,1,180.00,N17.9,I50.9,E11.9,,,C08,N
GPP-2026-001747,Caleb,Perry,1947-10-17,NS56025047,Northstar Health Plan,NS401,2026-06-16,2026-06-21,1726463346,Mia Hayes,Bayfront Regional Medical Center,21,2,36556,,1,240.00,N17.9,I50.9,E11.9,,,C08,N
GPP-2026-001749,Zoe,Dunn,1959-04-19,CS88993588,Coastal Senior Advantage,CSA77,2026-06-08,2026-06-20,1425271610,Emma Brooks,Palm Harbor General Hospital,21,1,99233,,1,205.00,R53.81,I10,E11.65,,,C04,N
GPP-2026-001750,Mia,Gomez,1949-01-03,CS13427333,Coastal Senior Advantage,CSA77,2026-01-17,2026-01-23,1038518613,Joseph Russell,Palm Harbor General Hospital,21,1,99231,,1,95.00,R53.81,,,,,C05,N
GPP-2026-001752,Chloe,Long,1942-09-05,MP94594836,Meridian PPO,MRD55,2026-07-23,2026-07-28,1624878819,Hannah Brooks,St. Anselm Hospital,21,1,99221,,1,180.00,Z74.09,R26.89,E11.65,,,C08,Y
GPP-2026-001753,Caleb,Griffin,1949-04-22,NS10653074,Northstar Health Plan,NS401,2026-04-12,2026-04-23,1684726395,Chloe Shah,Gulf Pines Medical Center,21,1,99233,,1,205.00,Z74.09,N17.9,,,,C02,N
GPP-2026-001754,Riya,Nguyen,1956-05-23,SM48511267,Sunshine Medicaid Partners,SMP12,2026-02-16,2026-02-28,1180489969,Lily Stone,Gulf Pines Medical Center,21,1,99221,,1,180.00,J18.9,R26.89,A41.9,,,C02,Y
GPP-2026-001755,Joseph,Mehta,1940-01-19,CS94112806,Coastal Senior Advantage,CSA77,2026-08-14,2026-08-26,1180489969,Lily Stone,Palm Harbor General Hospital,21,1,99239,25,1,190.00,I50.9,D64.9,,,,C08,Y
GPP-2026-001755,Joseph,Mehta,1940-01-19,CS94112806,Coastal Senior Advantage,CSA77,2026-08-14,2026-08-26,1180489969,Lily Stone,Palm Harbor General Hospital,21,2,31500,,1,260.00,I50.9,D64.9,,,,C08,Y
GPP-2026-001758,Samuel,Mehta,1957-07-28,CS40777591,Coastal Senior Advantage,CSA77,2026-06-10,2026-06-15,1684726395,Chloe Shah,Seabreeze Rehab & Nursing,31,1,99309,,1,150.00,I48.91,R53.81,M62.81,E87.1,,C03,N
GPP-2026-001759,Grace,Diaz,1959-03-27,SM45897691,Sunshine Medicaid Partners,SMP12,2026-08-02,2026-08-06,1425271610,Emma Brooks,Oakwood Skilled Nursing Center,31,1,99309,,1,150.00,E87.1,J44.1,J18.9,Z74.09,,C08,Y
GPP-2026-001762,Owen,Dunn,1958-11-18,MP69712340,Meridian PPO,MRD55,2026-08-25,2026-09-06,1024533220,Evelyn Ortiz,Palm Harbor General Hospital,21,1,99233,,1,205.00,N18.30,I10,D64.9,E87.1,,C01,Y
GPP-2026-001763,David,Wolfe,1941-07-18,NS28005651,Northstar Health Plan,NS401,2026-03-01,2026-03-09,1884992904,Ethan Pierce,Clearwater Heart Institute,21,1,99233,,1,205.00,E11.9,I50.9,A41.9,,,C04,Y
GPP-2026-001765,Isaac,Iyer,1943-02-13,MP22338216,Meridian PPO,MRD55,2026-02-28,2026-03-06,1743559571,Maya Patel,Gulf Pines Medical Center,21,1,99239,,1,190.00,E11.9,Z74.09,E87.1,,,C06,Y
GPP-2026-001766,Aarav,Sanders,1941-03-12,MP90731454,Meridian PPO,MRD55,2026-03-09,2026-03-17,1884992904,Ethan Pierce,Gulf Pines Medical Center,21,1,99238,,1,130.00,E11.65,L89.154,,,,C07,N
GPP-2026-001767,Leo,Pierce,1942-09-10,SM59107483,Sunshine Medicaid Partners,SMP12,2026-06-29,2026-07-05,1778873939,Ryan Diaz,Harborview Care Center,31,1,99304,,1,170.00,I50.9,,,,SMPA793124,C06,Y
GPP-2026-001770,Ethan,Shah,1962-07-09,MP85205786,Meridian PPO,MRD55,2026-06-17,2026-06-29,1222921193,Caleb Rivera,Clearwater Heart Institute,21,1,99232,,1,140.00,J44.1,J96.01,R26.89,,,C08,N
GPP-2026-001773,Mateo,Iyer,1955-10-12,NS86081169,Northstar Health Plan,NS401,2026-03-13,2026-03-15,1290065238,Riya Wolfe,Seabreeze Rehab & Nursing,31,1,99305,,1,240.00,N17.9,D64.9,I50.9,I10,,C07,N
GPP-2026-001776,Noah,Kim,1945-08-17,NS87199532,Northstar Health Plan,NS401,2026-08-25,2026-08-29,1243255894,James Rivera,Seabreeze Rehab & Nursing,31,1,99305,,1,240.00,D64.9,,,,,C07,N
GPP-2026-001777,Aarav,Iyer,1953-02-14,SM57949178,Sunshine Medicaid Partners,SMP12,2026-01-20,2026-01-22,1204831741,Daniel Ortiz,St. Anselm Hospital,21,1,99223,,1,330.00,I48.91,A41.9,R26.89,,,C07,Y
GPP-2026-001779,Henry,Ward,1955-10-13,SM14487781,Sunshine Medicaid Partners,SMP12,2026-03-19,2026-03-31,1038518613,Joseph Russell,Harborview Care Center,31,1,99304,,1,170.00,J96.01,Z74.09,N17.9,J44.1,SMPA130064,C06,Y
GPP-2026-001781,Nathan,Gomez,1943-05-03,CS75135145,Coastal Senior Advantage,CSA77,2026-04-03,2026-04-12,1884992904,Ethan Pierce,Clearwater Heart Institute,21,1,99231,,1,95.00,L89.154,I10,N17.9,R26.89,,C08,Y
GPP-2026-001783,Sofia,Mehta,1938-10-08,CS63670042,Coastal Senior Advantage,CSA77,2026-05-18,2026-05-28,1160142182,Liam Lane,Magnolia Post-Acute,31,1,99309,,1,150.00,A41.9,I50.9,J44.1,R53.81,,C01,Y
GPP-2026-001785,Emma,Gomez,1958-06-12,CS85303080,Coastal Senior Advantage,CSA77,2026-06-21,2026-07-03,1743559571,Maya Patel,St. Anselm Hospital,21,1,99233,,1,205.00,I10,D64.9,,,,C06,N
GPP-2026-001788,Nora,Wolfe,1952-09-16,MP89502800,Meridian PPO,MRD55,2026-03-23,2026-03-26,1684726395,Chloe Shah,Harborview Care Center,31,1,99304,,1,170.00,R26.89,I50.9,E11.9,,,C05,Y
GPP-2026-001789,Harper,Long,1952-04-20,SM24524536,Sunshine Medicaid Partners,SMP12,2026-08-04,2026-08-06,1684726395,Chloe Shah,Oakwood Skilled Nursing Center,31,1,99308,,1,110.00,Z74.09,L89.154,,,,C06,Y
GPP-2026-001791,Lily,Diaz,1949-09-08,CS51340649,Coastal Senior Advantage,CSA77,2026-07-30,2026-08-06,1778873939,Ryan Diaz,Gulf Pines Medical Center,21,1,99232,,1,140.00,J18.9,N17.9,J96.01,A41.9,,C05,N
GPP-2026-001792,Nathan,Stone,1949-09-12,SM14195255,Sunshine Medicaid Partners,SMP12,2026-04-20,2026-05-02,1234301301,Lily Rivera,Seabreeze Rehab & Nursing,31,1,99308,,1,110.00,R53.81,J44.1,Z74.09,,,C08,Y
GPP-2026-001793,Samuel,Dunn,1941-07-06,NS36070266,Northstar Health Plan,NS401,2026-02-18,2026-02-22,1243255894,James Rivera,Seabreeze Rehab & Nursing,31,1,99310,,1,215.00,I10,I50.9,,,,C07,N
GPP-2026-001795,Mateo,Wallace,1942-06-24,NS46603386,Northstar Health Plan,NS401,2026-07-15,2026-07-17,1872027622,Sofia Jenkins,St. Anselm Hospital,21,1,99223,,1,330.00,M62.81,E11.9,L89.154,,,C05,Y
GPP-2026-001798,Isabella,Jenkins,1950-04-23,NS80089154,Northstar Health Plan,NS401,2026-06-07,2026-06-09,1436730950,Maya Ortiz,Clearwater Heart Institute,21,1,99233,,1,205.00,J96.01,,,,,C01,N
GPP-2026-001799,Nora,Bennett,1941-03-07,NS29563709,Northstar Health Plan,NS401,2026-02-19,2026-02-24,1038518613,Joseph Russell,Gulf Pines Medical Center,21,1,99232,,1,140.00,I10,I11.9,J44.1,,,C07,N
GPP-2026-001801,Olivia,Shah,1947-07-26,CS41598955,Coastal Senior Advantage,CSA77,2026-07-31,2026-08-11,1603023783,Arjun Dunn,Clearwater Heart Institute,21,1,99232,,1,140.00,I48.91,E11.65,Z74.09,,,C05,N
GPP-2026-001803,James,Bennett,1946-04-09,MP43413046,Meridian PPO,MRD55,2026-03-26,2026-03-30,1222921193,Caleb Rivera,Palm Harbor General Hospital,21,1,99233,,1,205.00,L89.154,Z74.09,D64.9,,,C01,Y
GPP-2026-001806,Amelia,Mehta,1959-03-02,NS69272266,Northstar Health Plan,NS401,2026-05-02,2026-05-13,1204831741,Daniel Ortiz,Palm Harbor General Hospital,21,1,99221,,1,180.00,R26.89,N18.30,I10,A41.9,,C08,N
GPP-2026-001808,Owen,Iyer,1939-08-27,CS68757770,Coastal Senior Advantage,CSA77,2026-01-05,2026-01-16,1024533220,Evelyn Ortiz,Bayfront Regional Medical Center,21,1,99223,,1,330.00,I50.9,,,,,C04,Y
GPP-2026-001809,Grace,Wallace,1955-12-17,MP24879968,Meridian PPO,MRD55,2026-05-26,2026-06-07,1489356778,Benjamin Carter,Palm Harbor General Hospital,21,1,99233,,1,205.00,M62.81,N17.9,,,,C08,Y
GPP-2026-001810,Isaac,Kim,1961-09-10,CS11266898,Coastal Senior Advantage,CSA77,2026-08-01,2026-08-05,1290065238,Riya Wolfe,Oakwood Skilled Nursing Center,31,1,99306,,1,310.00,E87.1,L89.154,J96.01,,,C02,N
GPP-2026-001811,Owen,Iyer,1939-08-27,SM91604218,Sunshine Medicaid Partners,SMP12,2026-04-06,2026-04-14,1024533220,Evelyn Ortiz,Clearwater Heart Institute,21,1,99232,,1,140.00,I50.9,R53.81,D64.9,,,C08,N
GPP-2026-001812,Harper,Long,1961-03-18,SM77176182,Sunshine Medicaid Partners,SMP12,2026-08-18,2026-08-29,1726463346,Mia Hayes,Harborview Care Center,31,1,99310,,1,215.00,J18.9,,,,,C07,N
GPP-2026-001815,Joseph,Foster,1952-09-12,CS63954057,Coastal Senior Advantage,CSA77,2026-03-20,2026-03-31,1024533220,Evelyn Ortiz,Bayfront Regional Medical Center,21,1,99223,,1,330.00,A41.9,J96.01,J44.1,I50.9,,C02,N
GPP-2026-001816,Liam,Mehta,1948-02-25,SM16742629,Sunshine Medicaid Partners,SMP12,2026-06-30,2026-07-03,1272117833,Mia Hughes,Bayfront Regional Medical Center,21,1,99239,25,1,190.00,I50.9,A41.9,,,,C02,N
GPP-2026-001816,Liam,Mehta,1948-02-25,SM16742629,Sunshine Medicaid Partners,SMP12,2026-06-30,2026-07-03,1272117833,Mia Hughes,Bayfront Regional Medical Center,21,2,94002,,1,180.00,I50.9,A41.9,,,,C02,N
GPP-2026-001817,Aarav,Burke,1946-09-02,MP94415679,Meridian PPO,MRD55,2026-01-05,2026-01-15,1290065238,Riya Wolfe,Magnolia Post-Acute,31,1,99307,,1,70.00,A41.9,,,,,C02,N
GPP-2026-001820,Aria,Ross,1942-03-25,MP76390618,Meridian PPO,MRD55,2026-08-10,2026-08-12,1247459963,Aarav Ross,St. Anselm Hospital,21,1,99222,,1,245.00,E87.1,E11.9,,,,C05,Y
GPP-2026-001820,Aria,Ross,1942-03-25,MP76390618,Meridian PPO,MRD55,2026-08-10,2026-08-12,1247459963,Aarav Ross,St. Anselm Hospital,21,2,94002,,1,180.00,E87.1,E11.9,,,,C05,Y
GPP-2026-001823,Hannah,Myers,1940-05-07,SM98598930,Sunshine Medicaid Partners,SMP12,2026-04-26,2026-05-05,1038518613,Joseph Russell,Magnolia Post-Acute,31,1,99309,,1,150.00,N17.9,I50.9,,,,C04,N
GPP-2026-001824,Mateo,Diaz,1952-04-19,SM81307069,Sunshine Medicaid Partners,SMP12,2026-02-18,2026-02-23,1872027622,Sofia Jenkins,Clearwater Heart Institute,21,1,99231,,1,95.00,L89.154,J44.1,Z74.09,,,C06,Y
GPP-2026-001825,Lily,Ross,1961-03-20,NS66838536,Northstar Health Plan,NS401,2026-05-14,2026-05-22,1024533220,Evelyn Ortiz,Bayfront Regional Medical Center,21,1,99221,,1,180.00,L89.154,,,,,C04,N
GPP-2026-001828,Isabella,Diaz,1951-04-17,NS41110758,Northstar Health Plan,NS401,2026-02-21,2026-03-02,1603023783,Arjun Dunn,Palm Harbor General Hospital,21,1,99222,,1,245.00,I10,I11.9,M62.81,E11.65,,C07,Y
GPP-2026-001830,Isaac,Morales,1948-01-02,MP81175267,Meridian PPO,MRD55,2026-01-14,2026-01-17,1247459963,Aarav Ross,Magnolia Post-Acute,31,1,99305,,1,240.00,N18.30,I10,L89.154,J96.01,,C08,N
GPP-2026-001831,Olivia,Pierce,1958-10-11,MP48420070,Meridian PPO,MRD55,2026-08-24,2026-09-04,1624878819,Hannah Brooks,Seabreeze Rehab & Nursing,31,1,99306,,1,310.00,N18.30,M62.81,I50.9,N17.9,,C01,Y
GPP-2026-001834,Joseph,Russell,1945-07-22,NS88682934,Northstar Health Plan,NS401,2026-07-04,2026-07-06,1624878819,Hannah Brooks,St. Anselm Hospital,21,1,99233,25,1,205.00,I10,,,,,C04,Y
GPP-2026-001834,Joseph,Russell,1945-07-22,NS88682934,Northstar Health Plan,NS401,2026-07-04,2026-07-06,1624878819,Hannah Brooks,St. Anselm Hospital,21,2,36556,,1,240.00,I10,,,,,C04,Y
GPP-2026-001837,Hannah,Pierce,1950-06-28,SM23345394,Sunshine Medicaid Partners,SMP12,2026-08-18,2026-08-20,1778873939,Ryan Diaz,Harborview Care Center,31,1,99310,,1,215.00,N18.30,E11.65,,,,C06,N
GPP-2026-001840,Nathan,Jenkins,1957-03-08,NS26372995,Northstar Health Plan,NS401,2026-04-26,2026-05-07,1603023783,Arjun Dunn,Bayfront Regional Medical Center,21,1,99233,25,1,205.00,M62.81,I50.9,I48.91,,,C02,N
GPP-2026-001840,Nathan,Jenkins,1957-03-08,NS26372995,Northstar Health Plan,NS401,2026-04-26,2026-05-07,1603023783,Arjun Dunn,Bayfront Regional Medical Center,21,2,36556,,1,240.00,M62.81,I50.9,I48.91,,,C02,N
GPP-2026-001843,Mateo,Long,1946-10-04,NS66211143,Northstar Health Plan,NS401,2026-04-03,2026-04-09,1243255894,James Rivera,Palm Harbor General Hospital,21,1,99233,,1,205.00,L89.154,,,,,C05,Y
GPP-2026-001844,Aria,Ross,1942-03-25,NS65583494,Northstar Health Plan,NS401,2026-03-16,2026-03-25,1436730950,Maya Ortiz,Palm Harbor General Hospital,21,1,99231,,1,95.00,N18.30,J96.01,M62.81,I10,,C05,Y
GPP-2026-001845,Benjamin,Morales,1962-05-22,NS60956167,Northstar Health Plan,NS401,2026-03-22,2026-03-26,1436730950,Maya Ortiz,Palm Harbor General Hospital,21,1,99232,,1,140.00,E11.9,E11.65,D64.9,N17.9,,C02,N
GPP-2026-001846,Ella,Morales,1940-02-22,NS29274919,Northstar Health Plan,NS401,2026-07-10,2026-07-19,1234301301,Lily Rivera,Clearwater Heart Institute,21,1,99221,25,1,180.00,A41.9,J96.01,D64.9,,,C08,Y
GPP-2026-001846,Ella,Morales,1940-02-22,NS29274919,Northstar Health Plan,NS401,2026-07-10,2026-07-19,1234301301,Lily Rivera,Clearwater Heart Institute,21,2,93010,,1,25.00,A41.9,J96.01,D64.9,,,C08,Y
GPP-2026-001848,Emma,Kim,1957-08-05,SM76854716,Sunshine Medicaid Partners,SMP12,2026-03-24,2026-08-11,1624878819,Hannah Brooks,Gulf Pines Medical Center,21,1,99231,,1,95.00,N18.30,I48.91,A41.9,,,C07,N
GPP-2026-001849,Isabella,Holt,1950-02-11,NS44733847,Northstar Health Plan,NS401,2026-05-12,2026-05-17,1024533220,Evelyn Ortiz,Gulf Pines Medical Center,21,1,99233,,1,205.00,R26.89,,,,,C04,Y
GPP-2026-001851,Grace,Fisher,1958-12-02,NS51896462,Northstar Health Plan,NS401,2026-06-02,2026-06-09,1425271610,Emma Brooks,Bayfront Regional Medical Center,21,1,99232,,1,140.00,I10,,,,,C02,N
GPP-2026-001854,Nora,Ross,1957-10-08,MP78530289,Meridian PPO,MRD55,2026-03-02,2026-03-08,1743559571,Maya Patel,Seabreeze Rehab & Nursing,31,1,99304,,1,170.00,I10,Z74.09,J44.1,I50.9,,C02,N
GPP-2026-001857,Benjamin,Ortiz,1957-04-09,MP89544381,Meridian PPO,MRD55,2026-07-20,2026-07-29,1489356778,Benjamin Carter,Harborview Care Center,31,1,99306,,1,310.00,J44.1,,,,,C04,Y
GPP-2026-001859,Lily,Ramirez,1957-09-07,CS21326249,Coastal Senior Advantage,CSA77,2026-06-30,2026-07-11,1234301301,Lily Rivera,Oakwood Skilled Nursing Center,31,1,99305,,1,240.00,Z74.09,E11.9,,,,C08,Y
GPP-2026-001862,Caleb,Morales,1958-11-13,CS47714478,Coastal Senior Advantage,CSA77,2026-08-11,2026-08-14,1606169955,Leena Rao,Oakwood Skilled Nursing Center,31,1,99309,,1,150.00,A41.9,E87.1,J18.9,E11.65,,C08,Y
GPP-2026-001864,Ryan,Hayes,1949-01-06,NS49208512,Northstar Health Plan,NS401,2026-05-15,2026-05-26,1262252103,Samuel Pierce,Oakwood Skilled Nursing Center,31,1,99308,,1,110.00,J96.01,,,,,C04,Y
GPP-2026-001865,Mia,Reyes,1962-02-19,SM79224000,Sunshine Medicaid Partners,SMP12,2026-02-28,2026-03-08,1247459963,Aarav Ross,Oakwood Skilled Nursing Center,31,1,99304,,1,170.00,E11.9,J44.1,A41.9,I50.9,SMPA729396,C06,Y
GPP-2026-001868,Layla,Stone,1938-01-02,CS57524724,Coastal Senior Advantage,CSA77,2026-02-07,2026-02-12,1272117833,Mia Hughes,Oakwood Skilled Nursing Center,31,1,99304,,1,170.00,A41.9,,,,,C06,N
GPP-2026-001871,Ryan,Bennett,1960-08-16,NS52005284,Northstar Health Plan,NS401,2026-01-21,2026-02-01,1180489969,Lily Stone,Clearwater Heart Institute,21,1,99231,,1,95.00,J96.01,,,,,C01,Y
GPP-2026-001873,Benjamin,Long,1954-07-13,MP57367344,Meridian PPO,MRD55,2026-08-21,2026-08-31,1603023783,Arjun Dunn,Seabreeze Rehab & Nursing,31,1,99310,,1,215.00,E11.65,J96.01,,,,C03,Y
GPP-2026-001874,Riya,Ortiz,1955-10-11,CS23169578,Coastal Senior Advantage,CSA77,2026-03-02,2026-03-08,1603023783,Arjun Dunn,Gulf Pines Medical Center,21,1,99223,,1,330.00,J18.9,A41.9,,,,C04,Y
GPP-2026-001876,Lily,Ross,1961-03-20,CS53131043,Coastal Senior Advantage,CSA77,2026-07-17,2026-07-24,1204831741,Daniel Ortiz,Clearwater Heart Institute,21,1,99239,,1,190.00,A41.9,N17.9,I50.9,E11.9,,C03,N
GPP-2026-001879,Lily,Price,1956-02-16,CS67787782,Coastal Senior Advantage,CSA77,2026-02-13,2026-02-18,1024533220,Evelyn Ortiz,Palm Harbor General Hospital,21,1,99233,25,1,205.00,I48.91,R53.81,Z74.09,E11.65,,C08,Y
GPP-2026-001879,Lily,Price,1956-02-16,CS67787782,Coastal Senior Advantage,CSA77,2026-02-13,2026-02-18,1024533220,Evelyn Ortiz,Palm Harbor General Hospital,21,2,31500,,1,260.00,I48.91,R53.81,Z74.09,E11.65,,C08,Y
GPP-2026-001881,Lily,Stone,1946-01-08,SM42866113,Sunshine Medicaid Partners,SMP12,2026-01-19,2026-01-22,1603023783,Arjun Dunn,Clearwater Heart Institute,21,1,99232,25,1,140.00,R53.81,J96.01,E87.1,,,C08,N
GPP-2026-001881,Lily,Stone,1946-01-08,SM42866113,Sunshine Medicaid Partners,SMP12,2026-01-19,2026-01-22,1603023783,Arjun Dunn,Clearwater Heart Institute,21,2,93010,,1,25.00,R53.81,J96.01,E87.1,,,C08,N
GPP-2026-001884,Aria,Powell,1948-05-25,NS47421628,Northstar Health Plan,NS401,2026-08-03,2026-08-12,1204831741,Daniel Ortiz,Seabreeze Rehab & Nursing,31,1,99305,,1,240.00,A41.9,D64.9,,,,C01,N
GPP-2026-001887,Evelyn,Sanders,1955-12-16,NS19595220,Northstar Health Plan,NS401,2026-07-07,2026-07-13,1872027622,Sofia Jenkins,Harborview Care Center,31,1,99309,,1,150.00,M62.81,J18.9,,,,C08,N
GPP-2026-001889,David,Myers,1947-06-13,CS69020572,Coastal Senior Advantage,CSA77,2026-07-21,2026-08-01,1884992904,Ethan Pierce,Bayfront Regional Medical Center,21,1,99233,,1,205.00,I48.91,,,,,C02,N
GPP-2026-001890,Harper,Ramirez,1952-01-17,CS65579074,Coastal Senior Advantage,CSA77,2026-06-13,2026-06-17,1243255894,James Rivera,St. Anselm Hospital,21,1,99233,,1,205.00,J44.1,M62.81,N17.9,,,C08,N
GPP-2026-001893,Evelyn,Wolfe,1942-08-07,SM37703433,Sunshine Medicaid Partners,SMP12,2026-02-06,2026-02-10,1425271610,Emma Brooks,Oakwood Skilled Nursing Center,31,1,99306,,1,310.00,A41.9,,,,,C01,N
GPP-2026-001896,Liam,Wallace,1938-11-05,SM39282285,Sunshine Medicaid Partners,SMP12,2026-03-01,2026-03-07,1872027622,Sofia Jenkins,Magnolia Post-Acute,31,1,99309,,1,150.00,L89.154,I10,,,,C05,N
GPP-2026-001898,Isabella,Ramirez,1944-06-10,NS37841940,Northstar Health Plan,NS401,2026-08-03,2026-08-11,1603023783,Arjun Dunn,Clearwater Heart Institute,21,1,99233,25,1,205.00,N18.30,E87.1,,,,C05,N
GPP-2026-001898,Isabella,Ramirez,1944-06-10,NS37841940,Northstar Health Plan,NS401,2026-08-03,2026-08-11,1603023783,Arjun Dunn,Clearwater Heart Institute,21,2,36556,,1,240.00,N18.30,E87.1,,,,C05,N
GPP-2026-001900,James,Griffin,1939-02-26,CS80375986,Coastal Senior Advantage,CSA77,2026-03-26,2026-04-01,1272117833,Mia Hughes,Bayfront Regional Medical Center,21,1,99238,,1,130.00,J96.01,M62.81,J18.9,N18.30,,C07,Y
GPP-2026-001902,Noah,Perry,1958-04-04,CS74748922,Coastal Senior Advantage,CSA77,2026-01-31,2026-02-05,1624878819,Hannah Brooks,Gulf Pines Medical Center,21,1,99238,,1,130.00,D64.9,Z74.09,I50.9,,,C07,Y
GPP-2026-001905,Lucas,Pierce,1948-07-11,NS93850547,Northstar Health Plan,NS401,2026-03-12,2026-03-16,1180489969,Lily Stone,St. Anselm Hospital,21,1,99233,,1,205.00,N18.30,A41.9,J18.9,N17.9,,C08,N
GPP-2026-001906,Caleb,Patel,1946-01-27,CS69036159,Coastal Senior Advantage,CSA77,2026-08-01,2026-08-05,1872027622,Sofia Jenkins,Oakwood Skilled Nursing Center,31,1,99309,,1,150.00,N17.9,D64.9,,,,C08,N
GPP-2026-001908,Isabella,Hughes,1945-10-05,MP28725568,Meridian PPO,MRD55,2026-06-30,2026-07-03,1684726395,Chloe Shah,Palm Harbor General Hospital,21,1,99238,,1,130.00,A41.9,I10,E11.65,I50.9,,C02,N
GPP-2026-001910,James,Fisher,1954-02-05,MP82777435,Meridian PPO,MRD55,2026-07-01,2026-07-07,1624878819,Hannah Brooks,Seabreeze Rehab & Nursing,31,1,99305,,1,240.00,N18.30,Z74.09,A41.9,N17.9,,C06,Y
GPP-2026-001911,Emma,Coleman,1949-01-26,CS52666002,Coastal Senior Advantage,CSA77,2026-08-07,2026-08-19,1872027622,Sofia Jenkins,Bayfront Regional Medical Center,21,1,99233,25,1,205.00,M62.81,Z74.09,E87.1,A41.9,,C04,Y
GPP-2026-001911,Emma,Coleman,1949-01-26,CS52666002,Coastal Senior Advantage,CSA77,2026-08-07,2026-08-19,1872027622,Sofia Jenkins,Bayfront Regional Medical Center,21,2,94002,,1,180.00,M62.81,Z74.09,E87.1,A41.9,,C04,Y
GPP-2026-001912,Henry,Russell,1956-09-16,NS52522167,Northstar Health Plan,NS401,2026-04-06,2026-04-13,1572028870,Lily Kim,Gulf Pines Medical Center,21,1,99223,,1,330.00,E87.1,,,,,C07,Y
GPP-2026-001913,Amelia,Morales,1941-10-23,CS83321188,Coastal Senior Advantage,CSA77,2026-08-18,2026-08-22,1204831741,Daniel Ortiz,Oakwood Skilled Nursing Center,31,1,99310,,1,215.00,J18.9,L89.154,,,,C02,N
GPP-2026-001915,Nathan,Long,1962-09-04,CS13714538,Coastal Senior Advantage,CSA77,2026-06-20,2026-06-22,1726463346,Mia Hayes,Gulf Pines Medical Center,21,1,99239,,1,190.00,J44.1,I50.9,A41.9,L89.154,,C05,Y
GPP-2026-001917,Benjamin,Russell,1944-10-19,SM53872629,Sunshine Medicaid Partners,SMP12,2026-06-18,2026-06-25,1726463346,Mia Hayes,St. Anselm Hospital,21,1,99238,25,1,130.00,M62.81,,,,,C05,Y
GPP-2026-001917,Benjamin,Russell,1944-10-19,SM53872629,Sunshine Medicaid Partners,SMP12,2026-06-18,2026-06-25,1726463346,Mia Hayes,St. Anselm Hospital,21,2,31500,,1,260.00,M62.81,,,,,C05,Y
GPP-2026-001920,Maya,Sanders,1940-11-23,CS38856140,Coastal Senior Advantage,CSA77,2026-01-07,2026-01-16,1425271610,Emma Brooks,Palm Harbor General Hospital,21,1,99232,,1,140.00,J18.9,A41.9,I48.91,J44.1,,C01,N
GPP-2026-001923,Harper,Pierce,1946-01-22,NS96016342,Northstar Health Plan,NS401,2026-06-11,2026-06-14,1234301301,Lily Rivera,St. Anselm Hospital,21,1,99239,,1,190.00,J44.1,M62.81,J96.01,,,C01,N
GPP-2026-001925,Isabella,Hughes,1945-10-05,CS84228969,Coastal Senior Advantage,CSA77,2026-07-25,2026-07-28,1884992904,Ethan Pierce,St. Anselm Hospital,21,1,99221,,1,180.00,J44.1,,,,,C07,Y
GPP-2026-001927,Isabella,Kim,1959-02-10,MP76966603,Meridian PPO,MRD55,2026-06-11,2026-06-16,1262252103,Samuel Pierce,Seabreeze Rehab & Nursing,31,1,99307,,1,70.00,I50.9,,,,,C03,Y
GPP-2026-001930,Harper,Long,1952-04-20,SM27132234,Sunshine Medicaid Partners,SMP12,2026-07-05,2026-07-12,1180489969,Lily Stone,St. Anselm Hospital,21,1,99233,,1,205.00,M62.81,,,,,C05,Y
GPP-2026-001931,Maya,Burke,1949-04-18,CS30890783,Coastal Senior Advantage,CSA77,2026-03-06,2026-03-09,1684726395,Chloe Shah,Harborview Care Center,31,1,99307,,1,70.00,D64.9,,,,,C05,Y
GPP-2026-001933,Maya,Ross,1953-05-24,CS58982618,Coastal Senior Advantage,CSA77,2026-06-29,2026-07-01,1160142182,Liam Lane,Magnolia Post-Acute,31,1,99309,,1,150.00,R26.89,,,,,C02,N
GPP-2026-001934,Chloe,Mehta,1950-02-21,SM74872384,Sunshine Medicaid Partners,SMP12,2026-04-23,2026-05-01,1024533220,Evelyn Ortiz,Magnolia Post-Acute,31,1,99304,,1,170.00,I10,E11.65,,,,C03,Y
GPP-2026-001935,Lily,Diaz,1949-09-08,MP38634074,Meridian PPO,MRD55,2026-02-08,2026-02-15,1038518613,Joseph Russell,Gulf Pines Medical Center,21,1,99232,,1,140.00,I48.91,R53.81,M62.81,,,C07,N
GPP-2026-001938,Isabella,Dunn,1959-12-13,NS85364945,Northstar Health Plan,NS401,2026-03-14,2026-03-24,1290065238,Riya Wolfe,Palm Harbor General Hospital,21,1,99233,,1,205.00,E11.9,E11.65,,,,C04,Y
GPP-2026-001941,Amelia,Stone,1940-10-16,MP44368061,Meridian PPO,MRD55,2026-01-18,2026-01-25,1603023783,Arjun Dunn,Seabreeze Rehab & Nursing,31,1,99307,,1,70.00,I50.9,E11.65,A41.9,M62.81,,C02,N
GPP-2026-001944,Olivia,Reyes,1960-10-06,SM41331064,Sunshine Medicaid Partners,SMP12,2026-06-06,2026-06-18,1024533220,Evelyn Ortiz,Harborview Care Center,31,1,99309,,1,150.00,J18.9,N17.9,,,,C02,Y
GPP-2026-001945,Sofia,Myers,1942-11-05,MP69549541,Meridian PPO,MRD55,2026-06-19,2026-06-24,1436730950,Maya Ortiz,Bayfront Regional Medical Center,21,1,99223,,1,330.00,I10,J44.1,R26.89,,,C07,Y
GPP-2026-001946,Henry,Ward,1956-04-03,NS89270609,Northstar Health Plan,NS401,2026-03-12,2026-03-23,1436730950,Maya Ortiz,Harborview Care Center,31,1,99304,,1,170.00,Z74.09,,,,,C06,Y
GPP-2026-001947,Ryan,Reyes,1942-03-22,NS61582328,Northstar Health Plan,NS401,2026-07-06,2026-07-17,1234301301,Lily Rivera,St. Anselm Hospital,21,1,99238,,1,130.00,E11.9,I50.9,,,,C05,N
GPP-2026-001950,Aria,Ross,1943-11-22,SM46840444,Sunshine Medicaid Partners,SMP12,2026-08-21,2026-09-02,1603023783,Arjun Dunn,Gulf Pines Medical Center,21,1,99239,,1,190.00,L89.154,A41.9,M62.81,,,C06,N
GPP-2026-001952,Chloe,Long,1942-09-05,CS82834929,Coastal Senior Advantage,CSA77,2026-04-25,2026-04-30,1489356778,Benjamin Carter,St. Anselm Hospital,21,1,99222,,1,245.00,I48.91,M62.81,L89.154,A41.9,,C04,Y
GPP-2026-001955,Mia,Lane,1946-09-03,SM86070809,Sunshine Medicaid Partners,SMP12,2026-08-14,2026-08-25,1222921193,Caleb Rivera,Bayfront Regional Medical Center,21,1,99233,,1,205.00,R53.81,E87.1,,,,C07,Y
GPP-2026-001956,Grace,Mehta,1945-08-20,NS49756640,Northstar Health Plan,NS401,2026-07-10,2026-07-21,1243255894,James Rivera,Bayfront Regional Medical Center,21,1,99231,,1,95.00,J96.01,M62.81,J44.1,D64.9,,C05,Y
GPP-2026-001957,Lily,Griffin,1955-08-20,CS23865619,Coastal Senior Advantage,CSA77,2026-06-23,2026-06-27,1180489969,Lily Stone,Bayfront Regional Medical Center,21,1,99232,,1,140.00,E87.1,R53.81,E11.65,,,C04,N
GPP-2026-001959,Ryan,Shah,1956-03-08,NS66473282,Northstar Health Plan,NS401,2026-06-17,2026-06-25,1872027622,Sofia Jenkins,Palm Harbor General Hospital,21,1,99233,,1,205.00,E87.1,R53.81,,,,C01,Y
GPP-2026-001960,Chloe,Pierce,1947-07-02,SM24244866,Sunshine Medicaid Partners,SMP12,2026-01-08,2026-01-13,1884992904,Ethan Pierce,Oakwood Skilled Nursing Center,31,1,99304,,1,170.00,E11.9,M62.81,D64.9,J44.1,SMPA665863,C08,N
GPP-2026-001962,Joseph,Reyes,1955-11-26,CS59019217,Coastal Senior Advantage,CSA77,2026-06-20,2026-06-30,1606169955,Leena Rao,St. Anselm Hospital,21,1,99232,,1,140.00,Z74.09,,,,,C08,Y
GPP-2026-001965,Aarav,Reyes,1949-06-12,NS48491996,Northstar Health Plan,NS401,2026-07-07,2026-07-18,1603023783,Arjun Dunn,Seabreeze Rehab & Nursing,31,1,99306,,1,310.00,E11.9,J18.9,,,,C06,Y
GPP-2026-001968,Caleb,Carter,1947-01-08,CS59675205,Coastal Senior Advantage,CSA77,2026-03-19,2026-03-30,1222921193,Caleb Rivera,Clearwater Heart Institute,21,1,99223,,1,330.00,I10,I11.9,N18.30,I48.91,,C08,N
GPP-2026-001969,Emma,Ortiz,1941-08-06,CS56824079,Coastal Senior Advantage,CSA77,2026-04-30,2026-05-11,1684726395,Chloe Shah,Seabreeze Rehab & Nursing,31,1,99305,,1,240.00,A41.9,,,,,C08,N
GPP-2026-001971,Evelyn,Wolfe,1942-08-07,SM38963387,Sunshine Medicaid Partners,SMP12,2026-04-27,2026-04-30,1684726395,Chloe Shah,Oakwood Skilled Nursing Center,31,1,99305,,1,240.00,J44.1,,,,SMPA966208,C03,Y
GPP-2026-001973,Isaac,Myers,1954-11-16,SM64058336,Sunshine Medicaid Partners,SMP12,2026-01-15,2026-01-25,1726463346,Mia Hayes,St. Anselm Hospital,21,1,99233,,1,205.00,J96.01,J18.9,,,,C05,Y
GPP-2026-001976,Benjamin,Bennett,1947-02-05,NS78124833,Northstar Health Plan,NS401,2026-06-06,2026-06-14,1884992904,Ethan Pierce,Clearwater Heart Institute,21,1,99221,,1,180.00,R26.89,M62.81,L89.154,,,C01,Y
GPP-2026-001979,Aarav,Burke,1946-09-02,CS68293686,Coastal Senior Advantage,CSA77,2026-08-25,2026-09-03,1024533220,Evelyn Ortiz,Bayfront Regional Medical Center,21,1,99222,,1,245.00,M62.81,J44.1,,,,C03,Y
GPP-2026-001981,David,Griffin,1938-08-13,SM70337397,Sunshine Medicaid Partners,SMP12,2026-03-19,2026-03-26,1247459963,Aarav Ross,Clearwater Heart Institute,21,1,99221,,1,180.00,R53.81,I10,R26.89,,,C06,N
GPP-2026-001983,Aarav,Sanders,1941-03-12,CS35085206,Coastal Senior Advantage,CSA77,2026-06-28,2026-07-05,1572028870,Lily Kim,St. Anselm Hospital,21,1,99232,,1,140.00,I50.9,I10,M62.81,Z74.09,,C06,N
GPP-2026-001986,Maya,Coleman,1948-09-02,NS46396117,Northstar Health Plan,NS401,2026-04-05,2026-04-14,1743559571,Maya Patel,Bayfront Regional Medical Center,21,1,99238,,1,130.00,L89.154,Z74.09,R26.89,,,C02,Y
GPP-2026-001989,Layla,Ross,1951-11-05,NS71427971,Northstar Health Plan,NS401,2026-04-08,2026-04-15,1247459963,Aarav Ross,Bayfront Regional Medical Center,21,1,99233,,1,205.00,E11.65,,,,,C02,N
GPP-2026-001992,Henry,Ward,1956-04-03,NS65592400,Northstar Health Plan,NS401,2026-08-12,2026-08-20,1572028870,Lily Kim,Palm Harbor General Hospital,21,1,99232,,1,140.00,L89.154,,,,,C04,N
GPP-2026-001995,Daniel,Burke,1949-04-18,NS82569156,Northstar Health Plan,NS401,2026-06-14,2026-06-17,1160142182,Liam Lane,Palm Harbor General Hospital,21,1,99238,,1,130.00,I48.91,R53.81,,,,C06,N
GPP-2026-001996,Grace,Mehta,1945-08-20,NS97318905,Northstar Health Plan,NS401,2026-05-18,2026-05-30,1180489969,Lily Stone,Seabreeze Rehab & Nursing,31,1,99308,,1,110.00,J44.1,,,,,C06,N
GPP-2026-001997,Isabella,Hughes,1945-10-05,MP19552807,Meridian PPO,MRD55,2026-08-02,2026-08-11,1204831741,Daniel Ortiz,Clearwater Heart Institute,21,1,99232,,1,140.00,R53.81,J44.1,,,,C07,Y
GPP-2026-001998,Nathan,Burke,1952-11-03,NS16809520,Northstar Health Plan,NS401,2026-06-28,2026-07-04,1180489969,Lily Stone,Palm Harbor General Hospital,21,1,99231,,1,95.00,E11.9,D64.9,,,,C06,N
GPP-2026-002000,Henry,Ward,1955-10-13,CS76350479,Coastal Senior Advantage,CSA77,2026-02-09,2026-02-17,1425271610,Emma Brooks,Gulf Pines Medical Center,21,1,99232,,1,140.00,E11.65,L89.154,,,,C03,Y
GPP-2026-002002,Ryan,Reyes,1960-03-23,NS75848552,Northstar Health Plan,NS401,2026-03-13,2026-03-18,1489356778,Benjamin Carter,Oakwood Skilled Nursing Center,31,1,99310,,1,215.00,E87.1,,,,,C02,N
GPP-2026-002004,Isabella,Dunn,1959-12-13,SM34622248,Sunshine Medicaid Partners,SMP12,2026-08-18,2026-08-28,1272117833,Mia Hughes,St. Anselm Hospital,21,1,99233,,1,205.00,R26.89,Z74.09,,,,C04,Y
GPP-2026-002004,Isabella,Dunn,1959-12-13,SM34622248,Sunshine Medicaid Partners,SMP12,2026-08-18,2026-08-28,1272117833,Mia Hughes,St. Anselm Hospital,21,2,94002,,1,180.00,R26.89,Z74.09,,,,C04,Y
GPP-2026-002006,James,Kim,1938-03-22,CS83058202,Coastal Senior Advantage,CSA77,2026-07-09,2026-07-20,1606169955,Leena Rao,Bayfront Regional Medical Center,21,1,99232,,1,140.00,Z74.09,N18.30,N17.9,,,C02,Y
GPP-2026-002007,Aarav,Pierce,1940-05-15,SM97383404,Sunshine Medicaid Partners,SMP12,2026-07-15,2026-07-23,1726463346,Mia Hayes,Oakwood Skilled Nursing Center,31,1,99305,,1,240.00,R26.89,R53.81,,,,C03,Y
GPP-2026-002009,Emma,Myers,1949-07-07,CS53808792,Coastal Senior Advantage,CSA77,2026-03-14,2026-03-18,1726463346,Mia Hayes,Gulf Pines Medical Center,21,1,99231,,1,95.00,J96.01,,,,,C06,Y
GPP-2026-002012,Grace,Fisher,1939-01-02,NS48066864,Northstar Health Plan,NS401,2026-02-22,2026-02-24,1624878819,Hannah Brooks,Gulf Pines Medical Center,21,1,99239,,1,190.00,J18.9,E11.9,Z74.09,,,C07,N
GPP-2026-002015,Isaac,Morales,1948-01-02,CS46436953,Coastal Senior Advantage,CSA77,2026-01-11,2026-01-23,1425271610,Emma Brooks,Seabreeze Rehab & Nursing,31,1,99305,,1,240.00,I48.91,,,,,C01,Y
GPP-2026-002016,Layla,Ross,1951-11-05,NS31319055,Northstar Health Plan,NS401,2026-08-11,2026-08-14,1436730950,Maya Ortiz,Palm Harbor General Hospital,21,1,99231,,1,95.00,J44.1,I50.9,J18.9,M62.81,,C04,N
GPP-2026-002019,Chloe,Pierce,1947-07-02,CS32239109,Coastal Senior Advantage,CSA77,2026-01-22,2026-01-30,1222921193,Caleb Rivera,Harborview Care Center,31,1,99305,,1,240.00,I48.91,,,,,C08,N
GPP-2026-002021,Evelyn,Diaz,1959-01-25,MP51406726,Meridian PPO,MRD55,2026-04-26,2026-05-01,1038518613,Joseph Russell,St. Anselm Hospital,21,1,99221,,1,180.00,M62.81,I10,N18.30,J44.1,,C05,Y
GPP-2026-002022,Mia,Ross,1950-05-11,NS13221517,Northstar Health Plan,NS401,2026-04-25,2026-05-04,1743559571,Maya Patel,Clearwater Heart Institute,21,1,99232,,1,140.00,J18.9,J44.1,E87.1,J96.01,,C03,N
GPP-2026-002025,Mateo,Iyer,1955-10-12,NS82109211,Northstar Health Plan,NS401,2026-06-21,2026-06-23,1436730950,Maya Ortiz,Clearwater Heart Institute,21,1,99223,,1,330.00,Z74.09,I48.91,I50.9,,,C07,N
GPP-2026-002027,Zoe,Reyes,1950-07-18,SM70353374,Sunshine Medicaid Partners,SMP12,2026-03-07,2026-03-15,1489356778,Benjamin Carter,Gulf Pines Medical Center,21,1,99233,,1,205.00,Z74.09,M62.81,,,,C02,N
GPP-2026-002030,Sofia,Mehta,1938-10-08,NS23092946,Northstar Health Plan,NS401,2026-07-07,2026-07-16,1572028870,Lily Kim,Magnolia Post-Acute,31,1,99304,,1,170.00,I48.91,,,,,C01,N
GPP-2026-002032,David,Griffin,1938-08-13,MP47631249,Meridian PPO,MRD55,2026-04-19,2026-04-21,1684726395,Chloe Shah,Bayfront Regional Medical Center,21,1,99238,25,1,130.00,J96.01,Z74.09,M62.81,E87.1,,C05,N
GPP-2026-002032,David,Griffin,1938-08-13,MP47631249,Meridian PPO,MRD55,2026-04-19,2026-04-21,1684726395,Chloe Shah,Bayfront Regional Medical Center,21,2,36556,,1,240.00,J96.01,Z74.09,M62.81,E87.1,,C05,N
GPP-2026-002035,Harper,Long,1961-03-18,NS59093116,Northstar Health Plan,NS401,2026-02-07,2026-02-12,1778873939,Ryan Diaz,Clearwater Heart Institute,21,1,99232,,1,140.00,N18.30,R26.89,D64.9,,,C05,N
GPP-2026-002036,Lucas,Diaz,1961-08-04,NS51174455,Northstar Health Plan,NS401,2026-05-27,2026-06-03,1222921193,Caleb Rivera,Gulf Pines Medical Center,21,1,99232,,1,140.00,L89.154,N18.30,,,,C08,N
GPP-2026-002039,Noah,Myers,1949-03-26,SM78874331,Sunshine Medicaid Partners,SMP12,2026-08-26,2026-08-31,1489356778,Benjamin Carter,Harborview Care Center,31,1,99310,,1,215.00,J96.01,,,,,C04,Y
GPP-2026-002040,Isaac,Dunn,1938-10-15,CS59530441,Coastal Senior Advantage,CSA77,2026-02-02,2026-02-08,1603023783,Arjun Dunn,Clearwater Heart Institute,21,1,99238,,1,130.00,R53.81,D64.9,I50.9,,,C05,N
GPP-2026-002041,Benjamin,Powell,1956-09-08,NS35305068,Northstar Health Plan,NS401,2026-02-15,2026-02-20,1572028870,Lily Kim,Clearwater Heart Institute,21,1,99221,,1,180.00,I10,M62.81,Z74.09,E87.1,,C01,N
GPP-2026-002042,Nathan,Long,1962-09-04,CS95213871,Coastal Senior Advantage,CSA77,2026-01-21,2026-01-30,1243255894,James Rivera,Palm Harbor General Hospital,21,1,99233,,1,205.00,D64.9,E11.9,I10,J44.1,,C01,Y
GPP-2026-002044,Maya,Sanders,1940-11-23,NS67501939,Northstar Health Plan,NS401,2026-04-30,2026-05-11,1272117833,Mia Hughes,Bayfront Regional Medical Center,21,1,99233,,1,205.00,N17.9,,,,,C08,N
GPP-2026-002045,Caleb,Carter,1947-01-08,NS91887024,Northstar Health Plan,NS401,2026-06-17,2026-06-22,1247459963,Aarav Ross,Seabreeze Rehab & Nursing,31,1,99307,,1,70.00,I48.91,A41.9,,,,C06,Y
GPP-2026-002047,Sofia,Pierce,1945-09-14,CS32845727,Coastal Senior Advantage,CSA77,2026-03-30,2026-04-06,1489356778,Benjamin Carter,Gulf Pines Medical Center,21,1,99238,,1,130.00,J18.9,L89.154,E11.9,,,C05,Y
GPP-2026-002048,James,Kim,1938-03-22,SM58654178,Sunshine Medicaid Partners,SMP12,2026-04-25,2026-05-04,1425271610,Emma Brooks,Seabreeze Rehab & Nursing,31,1,99305,,1,240.00,N17.9,I50.9,,,,C04,Y
GPP-2026-002051,Noah,Morales,1951-11-26,CS60002545,Coastal Senior Advantage,CSA77,2026-03-17,2026-03-22,1160142182,Liam Lane,Harborview Care Center,31,1,99306,,1,310.00,I10,E11.9,,,,C03,N
GPP-2026-002054,Aria,Morales,1941-07-28,SM36714779,Sunshine Medicaid Partners,SMP12,2026-04-15,2026-04-26,1038518613,Joseph Russell,Clearwater Heart Institute,21,1,99221,,1,180.00,N18.30,D64.9,E87.1,,,C06,Y
GPP-2026-002057,David,Myers,1947-06-13,SM82677539,Sunshine Medicaid Partners,SMP12,2026-05-02,2026-05-12,1272117833,Mia Hughes,Bayfront Regional Medical Center,21,1,99232,25,1,140.00,J18.9,E87.1,N18.30,,,C08,N
GPP-2026-002057,David,Myers,1947-06-13,SM82677539,Sunshine Medicaid Partners,SMP12,2026-05-02,2026-05-12,1272117833,Mia Hughes,Bayfront Regional Medical Center,21,2,93010,,1,25.00,J18.9,E87.1,N18.30,,,C08,N
GPP-2026-002058,Isaac,Morales,1948-01-02,MP18678097,Meridian PPO,MRD55,2026-01-16,2026-01-23,1243255894,James Rivera,Bayfront Regional Medical Center,21,1,99232,,1,140.00,D64.9,,,,,C01,Y
GPP-2026-002061,Hannah,Hughes,1948-01-17,NS63568374,Northstar Health Plan,NS401,2026-01-20,2026-01-23,1180489969,Lily Stone,Oakwood Skilled Nursing Center,31,1,99306,,1,310.00,R26.89,,,,,C02,Y
GPP-2026-002062,Ella,Burke,1942-10-07,CS32739656,Coastal Senior Advantage,CSA77,2026-08-15,2026-08-26,1290065238,Riya Wolfe,Bayfront Regional Medical Center,21,1,99233,,1,205.00,M62.81,,,,,C03,N
GPP-2026-002065,Isabella,Jenkins,1950-04-23,CS98391862,Coastal Senior Advantage,CSA77,2026-05-17,2026-05-23,1425271610,Emma Brooks,Magnolia Post-Acute,31,1,99309,,1,150.00,D64.9,E11.9,N17.9,,,C02,Y
GPP-2026-002067,Grace,Hayes,1938-12-27,SM80234490,Sunshine Medicaid Partners,SMP12,2026-08-19,2026-08-28,1778873939,Ryan Diaz,Oakwood Skilled Nursing Center,31,1,99308,,1,110.00,I50.9,,,,,C05,Y
GPP-2026-002070,Aria,Ross,1942-03-25,CS85297755,Coastal Senior Advantage,CSA77,2026-04-07,2026-04-19,1290065238,Riya Wolfe,St. Anselm Hospital,21,1,99238,,1,130.00,E87.1,J44.1,I50.9,I48.91,,C07,Y
GPP-2026-002072,Amelia,Stone,1940-10-16,CS59988420,Coastal Senior Advantage,CSA77,2026-04-06,2026-04-10,1247459963,Aarav Ross,Palm Harbor General Hospital,21,1,99221,,1,180.00,I50.9,E11.65,N17.9,A41.9,,C02,Y
GPP-2026-002074,Olivia,Pierce,1958-10-11,SM51949629,Sunshine Medicaid Partners,SMP12,2026-04-26,2026-05-05,1684726395,Chloe Shah,Bayfront Regional Medical Center,21,1,99231,,1,95.00,R53.81,A41.9,D64.9,E11.65,,C02,N
GPP-2026-002075,Mia,Lane,1946-09-03,MP86173961,Meridian PPO,MRD55,2026-03-15,2026-03-19,1743559571,Maya Patel,Palm Harbor General Hospital,21,1,99239,,1,190.00,D64.9,,,,,C03,Y
GPP-2026-002078,Ella,Burke,1942-10-07,NS74720761,Northstar Health Plan,NS401,2026-03-19,2026-03-27,1180489969,Lily Stone,Bayfront Regional Medical Center,21,1,99221,,1,180.00,E11.65,J18.9,J96.01,L89.154,,C05,N
GPP-2026-002081,Emma,Brooks,1938-03-26,CS40458711,Coastal Senior Advantage,CSA77,2026-01-21,2026-01-31,1425271610,Emma Brooks,Palm Harbor General Hospital,21,1,99238,,1,130.00,E87.1,J18.9,Z74.09,,,C05,N
GPP-2026-002083,Layla,Kim,1947-10-22,MP57648249,Meridian PPO,MRD55,2026-08-06,2026-08-17,1425271610,Emma Brooks,Harborview Care Center,31,1,99304,,1,170.00,I50.9,,,,,C07,N
GPP-2026-002084,Amelia,Brooks,1938-09-27,NS59357800,Northstar Health Plan,NS401,2026-02-13,2026-02-17,1726463346,Mia Hayes,Clearwater Heart Institute,21,1,99238,,1,130.00,M62.81,I50.9,J18.9,E11.9,,C06,Y
GPP-2026-002087,Mia,Gomez,1949-01-03,SM58470100,Sunshine Medicaid Partners,SMP12,2026-06-04,2026-06-07,1234301301,Lily Rivera,Oakwood Skilled Nursing Center,31,1,99308,,1,110.00,M62.81,J18.9,J96.01,,,C06,Y
GPP-2026-002088,Nora,Fisher,1943-11-19,NS50864253,Northstar Health Plan,NS401,2026-07-28,2026-08-07,1436730950,Maya Ortiz,Seabreeze Rehab & Nursing,31,1,99304,,1,170.00,R26.89,I50.9,N18.30,,,C07,N
GPP-2026-002089,Grace,Powell,1952-05-27,MP68949314,Meridian PPO,MRD55,2026-03-19,2026-03-26,1778873939,Ryan Diaz,Clearwater Heart Institute,21,1,99231,,1,95.00,I48.91,M62.81,N17.9,,,C08,N
GPP-2026-002091,Joseph,Mehta,1940-01-19,CS39305501,Coastal Senior Advantage,CSA77,2026-04-16,2026-04-25,1290065238,Riya Wolfe,Palm Harbor General Hospital,21,1,99223,25,1,330.00,E11.9,A41.9,I48.91,I10,,C01,Y
GPP-2026-002091,Joseph,Mehta,1940-01-19,CS39305501,Coastal Senior Advantage,CSA77,2026-04-16,2026-04-25,1290065238,Riya Wolfe,Palm Harbor General Hospital,21,2,36556,,1,240.00,E11.9,A41.9,I48.91,I10,,C01,Y
GPP-2026-002094,Samuel,Perry,1951-09-23,CS72217647,Coastal Senior Advantage,CSA77,2026-06-24,2026-07-06,1606169955,Leena Rao,Harborview Care Center,31,1,99307,,1,70.00,L89.154,E87.1,Z74.09,A41.9,,C02,Y
GPP-2026-002096,Lucas,Stone,1951-06-02,NS11970175,Northstar Health Plan,NS401,2026-03-25,2026-04-01,1743559571,Maya Patel,Palm Harbor General Hospital,21,1,99222,,1,245.00,D64.9,I10,,,,C05,N
GPP-2026-002098,Maya,Burke,1949-04-18,SM87058000,Sunshine Medicaid Partners,SMP12,2026-08-27,2026-09-04,1425271610,Emma Brooks,Harborview Care Center,31,1,99308,,1,110.00,J18.9,L89.154,M62.81,,,C06,N
GPP-2026-002099,Caleb,Long,1945-12-14,MP58724179,Meridian PPO,MRD55,2026-06-22,2026-07-02,1038518613,Joseph Russell,Clearwater Heart Institute,21,1,99233,,1,205.00,J44.1,,,,,C01,N
GPP-2026-002100,Nathan,Jenkins,1957-03-08,NS61289502,Northstar Health Plan,NS401,2026-04-04,2026-04-09,1262252103,Samuel Pierce,Oakwood Skilled Nursing Center,31,1,99307,,1,70.00,D64.9,I50.9,R26.89,L89.154,,C06,N
GPP-2026-002101,Emma,Carter,1957-08-05,SM28521849,Sunshine Medicaid Partners,SMP12,2026-02-11,2026-02-19,1038518613,Joseph Russell,Bayfront Regional Medical Center,21,1,99221,,1,180.00,J18.9,,,,,C02,Y
GPP-2026-002104,Leo,Burke,1954-12-12,SM77427338,Sunshine Medicaid Partners,SMP12,2026-02-27,2026-03-03,1234301301,Lily Rivera,St. Anselm Hospital,21,1,99222,,1,245.00,R53.81,,,,,C06,N
GPP-2026-002107,Joseph,Foster,1952-09-12,NS34346853,Northstar Health Plan,NS401,2026-07-09,2026-07-20,1038518613,Joseph Russell,Clearwater Heart Institute,21,1,99233,,1,205.00,I10,Z74.09,R26.89,,,C05,N
GPP-2026-002109,Aria,Brooks,1954-11-03,CS35563779,Coastal Senior Advantage,CSA77,2026-08-02,2026-08-09,1038518613,Joseph Russell,St. Anselm Hospital,21,1,99222,,1,245.00,A41.9,E87.1,J44.1,J96.01,,C03,Y
GPP-2026-002109,Aria,Brooks,1954-11-03,CS35563779,Coastal Senior Advantage,CSA77,2026-08-02,2026-08-09,1038518613,Joseph Russell,St. Anselm Hospital,21,2,31500,,1,260.00,A41.9,E87.1,J44.1,J96.01,,C03,Y
GPP-2026-002110,Lucas,Diaz,1958-09-26,SM99698466,Sunshine Medicaid Partners,SMP12,2026-06-24,2026-07-04,1572028870,Lily Kim,Clearwater Heart Institute,21,1,99222,,1,245.00,E87.1,E11.9,A41.9,,,C06,N
GPP-2026-002111,Joseph,Russell,1943-10-07,SM38612497,Sunshine Medicaid Partners,SMP12,2026-04-03,2026-04-07,1884992904,Ethan Pierce,Magnolia Post-Acute,31,1,99310,,1,215.00,L89.154,I10,J96.01,,,C08,Y
GPP-2026-002113,Nathan,Coleman,1952-04-05,MP91565171,Meridian PPO,MRD55,2026-03-29,2026-04-02,1726463346,Mia Hayes,St. Anselm Hospital,21,1,99222,,1,245.00,E87.1,D64.9,R26.89,,,C03,N
GPP-2026-002114,Henry,Ward,1956-04-03,MP29278729,Meridian PPO,MRD55,2026-07-03,2026-07-05,1425271610,Emma Brooks,Bayfront Regional Medical Center,21,1,99231,,1,95.00,I50.9,N18.30,R26.89,,,C05,N
GPP-2026-002116,Benjamin,Russell,1944-10-19,NS35997887,Northstar Health Plan,NS401,2026-02-06,2026-02-11,1489356778,Benjamin Carter,Bayfront Regional Medical Center,21,1,99233,,1,205.00,L89.154,R53.81,J18.9,,,C01,Y
GPP-2026-002117,David,Hughes,1946-06-04,SM87898635,Sunshine Medicaid Partners,SMP12,2026-05-07,2026-05-12,1743559571,Maya Patel,Gulf Pines Medical Center,21,1,99231,,1,95.00,J44.1,I50.9,,,,C06,N
GPP-2026-002119,Layla,Ross,1951-11-05,NS49670117,Northstar Health Plan,NS401,2026-02-28,2026-03-03,1160142182,Liam Lane,Seabreeze Rehab & Nursing,31,1,99305,,1,240.00,I50.9,A41.9,N18.30,,,C06,Y
GPP-2026-002121,Henry,Ward,1955-10-13,NS18827347,Northstar Health Plan,NS401,2026-06-25,2026-06-29,1234301301,Lily Rivera,Magnolia Post-Acute,31,1,99307,,1,70.00,N18.30,,,,,C04,Y
GPP-2026-002123,Nathan,Wolfe,1947-11-13,SM10856067,Sunshine Medicaid Partners,SMP12,2026-03-17,2026-03-29,1572028870,Lily Kim,Seabreeze Rehab & Nursing,31,1,99309,,1,150.00,A41.9,I10,,,,C07,Y
GPP-2026-002125,Isaac,Iyer,1943-02-13,NS53003940,Northstar Health Plan,NS401,2026-03-08,2026-03-20,1272117833,Mia Hughes,Seabreeze Rehab & Nursing,31,1,99309,,1,150.00,Z74.09,J18.9,,,,C01,Y
GPP-2026-002126,Amelia,Mehta,1959-03-02,NS82477490,Northstar Health Plan,NS401,2026-08-04,2026-08-10,1038518613,Joseph Russell,St. Anselm Hospital,21,1,99239,,1,190.00,I10,I11.9,Z74.09,,,C07,N
GPP-2026-002128,James,Bennett,1946-04-09,MP29498399,Meridian PPO,MRD55,2026-08-02,2026-08-06,1180489969,Lily Stone,Gulf Pines Medical Center,21,1,99233,,1,205.00,N18.30,R53.81,E87.1,,,C05,Y
GPP-2026-002129,Caleb,Ramirez,1953-05-06,NS69863745,Northstar Health Plan,NS401,2026-02-14,2026-02-21,1222921193,Caleb Rivera,Clearwater Heart Institute,21,1,99239,,1,190.00,J18.9,A41.9,,,,C02,N
GPP-2026-002132,Chloe,Lane,1943-05-07,MP39941843,Meridian PPO,MRD55,2026-03-03,2026-03-09,1247459963,Aarav Ross,St. Anselm Hospital,21,1,99221,,1,180.00,R53.81,I48.91,,,,C06,Y
GPP-2026-002133,Sofia,Myers,1942-11-05,SM91217990,Sunshine Medicaid Partners,SMP12,2026-05-17,2026-05-25,1247459963,Aarav Ross,Magnolia Post-Acute,31,1,99309,,1,150.00,D64.9,E11.65,R26.89,,,C01,N
GPP-2026-002136,Chloe,Pierce,1947-07-02,MP83645669,Meridian PPO,MRD55,2026-04-23,2026-08-11,1247459963,Aarav Ross,Oakwood Skilled Nursing Center,31,1,99306,,1,310.00,J44.1,I50.9,,,,C05,N
GPP-2026-002139,Nathan,Holt,1942-10-27,CS74396220,Coastal Senior Advantage,CSA77,2026-04-13,2026-04-22,1290065238,Riya Wolfe,Palm Harbor General Hospital,21,1,99222,,1,245.00,M62.81,J44.1,N17.9,,,C06,N
GPP-2026-002142,Olivia,Pierce,1958-10-11,SM85765985,Sunshine Medicaid Partners,SMP12,2026-07-19,2026-07-28,1160142182,Liam Lane,Magnolia Post-Acute,31,1,99304,,1,170.00,I48.91,,,,SMPA587339,C01,Y
GPP-2026-002145,Grace,Wallace,1955-12-17,NS67711203,Northstar Health Plan,NS401,2026-02-14,2026-02-19,1425271610,Emma Brooks,Bayfront Regional Medical Center,21,1,99223,,1,330.00,E11.9,,,,,C06,N
GPP-2026-002146,Mateo,Shah,1943-10-10,CS98219168,Coastal Senior Advantage,CSA77,2026-03-16,2026-03-26,1872027622,Sofia Jenkins,St. Anselm Hospital,21,1,99223,,1,330.00,E87.1,Z74.09,D64.9,,,C03,N
GPP-2026-002149,Amelia,Stone,1940-10-16,CS44950819,Coastal Senior Advantage,CSA77,2026-01-09,2026-01-21,1743559571,Maya Patel,Magnolia Post-Acute,31,1,99307,,1,70.00,J18.9,,,,,C08,N
GPP-2026-002151,Benjamin,Russell,1944-10-19,CS28432501,Coastal Senior Advantage,CSA77,2026-02-10,2026-02-16,1290065238,Riya Wolfe,Magnolia Post-Acute,31,1,99308,,1,110.00,I48.91,J44.1,R53.81,M62.81,,C02,Y
GPP-2026-002154,Noah,Powell,1957-02-27,CS52663613,Coastal Senior Advantage,CSA77,2026-04-12,2026-04-23,1204831741,Daniel Ortiz,Bayfront Regional Medical Center,21,1,99222,,1,245.00,E11.65,R26.89,E11.9,,,C05,Y
GPP-2026-002155,Sofia,Pierce,1945-09-14,CS21044386,Coastal Senior Advantage,CSA77,2026-07-23,2026-08-02,1606169955,Leena Rao,Clearwater Heart Institute,21,1,99223,,1,330.00,I48.91,D64.9,I10,,,C01,Y
GPP-2026-002156,Benjamin,Long,1954-07-13,MP35258395,Meridian PPO,MRD55,2026-02-19,2026-06-24,1243255894,James Rivera,Palm Harbor General Hospital,21,1,99223,,1,330.00,I50.9,,,,,C06,Y
GPP-2026-002158,Nathan,Morales,1939-07-11,CS57503122,Coastal Senior Advantage,CSA77,2026-04-05,2026-04-16,1290065238,Riya Wolfe,Gulf Pines Medical Center,21,1,99221,,1,180.00,N18.30,J18.9,Z74.09,,,C02,Y
GPP-2026-002161,Hannah,Powell,1942-02-09,MP56950449,Meridian PPO,MRD55,2026-06-24,2026-07-03,1024533220,Evelyn Ortiz,St. Anselm Hospital,21,1,99239,,1,190.00,E87.1,I10,D64.9,I50.9,,C05,N
GPP-2026-002163,Isaac,Dunn,1938-10-15,NS24484609,Northstar Health Plan,NS401,2026-07-16,2026-07-23,1572028870,Lily Kim,St. Anselm Hospital,21,1,99233,,1,205.00,R53.81,J18.9,D64.9,,,C05,Y
GPP-2026-002164,Nora,Ortiz,1959-03-22,CS26408719,Coastal Senior Advantage,CSA77,2026-01-11,2026-01-20,1684726395,Chloe Shah,Clearwater Heart Institute,21,1,99239,25,1,190.00,M62.81,R53.81,E11.9,I48.91,,C01,Y
GPP-2026-002164,Nora,Ortiz,1959-03-22,CS26408719,Coastal Senior Advantage,CSA77,2026-01-11,2026-01-20,1684726395,Chloe Shah,Clearwater Heart Institute,21,2,93010,,1,25.00,M62.81,R53.81,E11.9,I48.91,,C01,Y
GPP-2026-002167,Isabella,Sanders,1949-12-06,NS76922455,Northstar Health Plan,NS401,2026-01-08,2026-01-16,1884992904,Ethan Pierce,St. Anselm Hospital,21,1,99232,,1,140.00,I10,,,,,C06,Y
GPP-2026-002169,Benjamin,Russell,1944-10-19,NS83381568,Northstar Health Plan,NS401,2026-05-25,2026-05-29,1024533220,Evelyn Ortiz,Gulf Pines Medical Center,21,1,99239,,1,190.00,E11.65,I10,R53.81,,,C07,N
GPP-2026-002171,Evelyn,Diaz,1959-01-25,SM19623959,Sunshine Medicaid Partners,SMP12,2026-01-21,2026-01-26,1743559571,Maya Patel,Bayfront Regional Medical Center,21,1,99239,,1,190.00,M62.81,E11.9,E87.1,R53.81,,C06,Y
GPP-2026-002174,Caleb,Ramirez,1953-05-06,SM87054999,Sunshine Medicaid Partners,SMP12,2026-03-11,2026-03-15,1489356778,Benjamin Carter,St. Anselm Hospital,21,1,99239,,1,190.00,Z74.09,J96.01,,,,C08,Y
GPP-2026-002177,Aria,Dunn,1958-05-07,MP92072547,Meridian PPO,MRD55,2026-04-21,2026-04-30,1425271610,Emma Brooks,Gulf Pines Medical Center,21,1,99222,,1,245.00,J96.01,,,,,C01,N
GPP-2026-002178,Emma,Carter,1957-08-05,SM82968120,Sunshine Medicaid Partners,SMP12,2026-01-18,2026-01-21,1234301301,Lily Rivera,Clearwater Heart Institute,21,1,99222,,1,245.00,M62.81,,,,,C03,Y
GPP-2026-002181,Liam,Hughes,1957-11-04,NS76814483,Northstar Health Plan,NS401,2026-07-21,2026-07-31,1726463346,Mia Hayes,Palm Harbor General Hospital,21,1,99232,,1,140.00,J18.9,R53.81,,,,C08,N
GPP-2026-002182,Emma,Iyer,1952-07-09,SM22235346,Sunshine Medicaid Partners,SMP12,2026-08-26,2026-09-03,1160142182,Liam Lane,St. Anselm Hospital,21,1,99223,,1,330.00,I10,I11.9,E11.9,,,C07,N
GPP-2026-002185,Nathan,Coleman,1958-07-07,SM68883004,Sunshine Medicaid Partners,SMP12,2026-08-14,2026-08-24,1726463346,Mia Hayes,Harborview Care Center,31,1,99308,,1,110.00,J44.1,N17.9,,,,C06,Y
GPP-2026-002186,Olivia,Ramirez,1950-12-10,SM58504806,Sunshine Medicaid Partners,SMP12,2026-01-06,2026-01-18,1160142182,Liam Lane,Gulf Pines Medical Center,21,1,99239,,1,190.00,E11.9,,,,,C04,Y
GPP-2026-002188,Ava,Ross,1941-04-06,SM82693535,Sunshine Medicaid Partners,SMP12,2026-04-20,2026-04-27,1038518613,Joseph Russell,Oakwood Skilled Nursing Center,31,1,99307,,1,70.00,I48.91,N17.9,R26.89,,,C07,Y
GPP-2026-002190,Benjamin,Long,1954-07-13,MP35037343,Meridian PPO,MRD55,2026-08-21,2026-08-26,1872027622,Sofia Jenkins,St. Anselm Hospital,21,1,99239,,1,190.00,I10,I11.9,I48.91,J18.9,,C07,N
GPP-2026-002193,Isaac,Ross,1946-07-05,SM95131861,Sunshine Medicaid Partners,SMP12,2026-07-03,2026-07-06,1204831741,Daniel Ortiz,Gulf Pines Medical Center,21,1,99231,,1,95.00,Z74.09,I10,N17.9,,,C03,Y
GPP-2026-002195,Owen,Brooks,1939-05-23,CS34110094,Coastal Senior Advantage,CSA77,2026-08-24,2026-09-04,1884992904,Ethan Pierce,Gulf Pines Medical Center,21,1,99233,25,1,205.00,E11.65,,,,,C01,Y
GPP-2026-002195,Owen,Brooks,1939-05-23,CS34110094,Coastal Senior Advantage,CSA77,2026-08-24,2026-09-04,1884992904,Ethan Pierce,Gulf Pines Medical Center,21,2,94002,,1,180.00,E11.65,,,,,C01,Y
GPP-2026-002198,Harper,Fisher,1939-02-12,SM93055955,Sunshine Medicaid Partners,SMP12,2026-02-08,2026-02-10,1425271610,Emma Brooks,St. Anselm Hospital,21,1,99239,,1,190.00,E87.1,,,,,C08,Y
GPP-2026-002199,Ryan,Diaz,1950-08-16,NS89540255,Northstar Health Plan,NS401,2026-06-26,2026-06-28,1624878819,Hannah Brooks,St. Anselm Hospital,21,1,99233,,1,205.00,E87.1,I50.9,,,,C05,Y
GPP-2026-002201,Noah,Gomez,1942-02-24,CS30592885,Coastal Senior Advantage,CSA77,2026-05-16,2026-05-22,1160142182,Liam Lane,Harborview Care Center,31,1,99310,,1,215.00,D64.9,I50.9,Z74.09,L89.154,,C03,Y
GPP-2026-002202,Arjun,Bennett,1952-03-23,SM44005146,Sunshine Medicaid Partners,SMP12,2026-07-01,2026-07-10,1247459963,Aarav Ross,St. Anselm Hospital,21,1,99232,25,1,140.00,N18.30,N17.9,J96.01,M62.81,,C02,Y
GPP-2026-002202,Arjun,Bennett,1952-03-23,SM44005146,Sunshine Medicaid Partners,SMP12,2026-07-01,2026-07-10,1247459963,Aarav Ross,St. Anselm Hospital,21,2,36556,,1,240.00,N18.30,N17.9,J96.01,M62.81,,C02,Y
GPP-2026-002205,Harper,Diaz,1952-11-23,MP13805477,Meridian PPO,MRD55,2026-05-04,2026-05-10,1572028870,Lily Kim,Clearwater Heart Institute,21,1,99233,,1,205.00,J44.1,,,,,C06,N
GPP-2026-002206,Leo,Hughes,1946-06-20,MP49185785,Meridian PPO,MRD55,2026-07-28,2026-08-03,1726463346,Mia Hayes,Clearwater Heart Institute,21,1,99232,,1,140.00,L89.154,,,,,C07,N
GPP-2026-002209,Hannah,Long,1959-10-19,MP69002847,Meridian PPO,MRD55,2026-05-02,2026-05-07,1726463346,Mia Hayes,Oakwood Skilled Nursing Center,31,1,99307,,1,70.00,I50.9,I10,A41.9,,,C08,N
GPP-2026-002210,Grace,Bennett,1947-03-05,CS80641960,Coastal Senior Advantage,CSA77,2026-01-28,2026-01-31,1204831741,Daniel Ortiz,Magnolia Post-Acute,31,1,99308,,1,110.00,D64.9,E87.1,E11.65,,,C05,Y
GPP-2026-002213,Ryan,Pierce,1954-09-13,NS25694663,Northstar Health Plan,NS401,2026-04-27,2026-05-03,1884992904,Ethan Pierce,St. Anselm Hospital,21,1,99221,,1,180.00,A41.9,,,,,C01,Y
GPP-2026-002215,Isaac,Ross,1946-07-05,CS95702269,Coastal Senior Advantage,CSA77,2026-07-29,2026-08-07,1436730950,Maya Ortiz,Palm Harbor General Hospital,21,1,99233,,1,205.00,E87.1,L89.154,,,,C01,Y
GPP-2026-002217,Evelyn,Fisher,1946-11-07,NS78696060,Northstar Health Plan,NS401,2026-01-22,2026-02-02,1234301301,Lily Rivera,St. Anselm Hospital,21,1,99223,,1,330.00,I10,E87.1,,,,C05,Y
GPP-2026-002219,Benjamin,Long,1954-07-13,SM49898016,Sunshine Medicaid Partners,SMP12,2026-06-03,2026-06-09,1872027622,Sofia Jenkins,St. Anselm Hospital,21,1,99232,,1,140.00,J18.9,,,,,C08,Y
GPP-2026-002219,Benjamin,Long,1954-07-13,SM49898016,Sunshine Medicaid Partners,SMP12,2026-06-03,2026-06-09,1872027622,Sofia Jenkins,St. Anselm Hospital,21,2,93010,,1,25.00,J18.9,,,,,C08,Y
GPP-2026-002220,Amelia,Ortiz,1953-02-11,MP73010980,Meridian PPO,MRD55,2026-03-21,2026-03-30,1778873939,Ryan Diaz,Oakwood Skilled Nursing Center,31,1,99304,,1,170.00,R26.89,,,,,C02,Y
GPP-2026-002223,Owen,Brooks,1939-05-23,CS51515209,Coastal Senior Advantage,CSA77,2026-08-04,2026-08-14,1290065238,Riya Wolfe,Gulf Pines Medical Center,21,1,99223,,1,330.00,I10,I11.9,N18.30,,,C07,N
GPP-2026-002226,Isaac,Mehta,1945-05-23,CS77212177,Coastal Senior Advantage,CSA77,2026-07-06,2026-07-13,1038518613,Joseph Russell,Oakwood Skilled Nursing Center,31,1,99307,,1,70.00,E11.9,,,,,C02,Y
GPP-2026-002227,Liam,Sanders,1945-04-17,CS88362460,Coastal Senior Advantage,CSA77,2026-08-15,2026-08-19,1247459963,Aarav Ross,Bayfront Regional Medical Center,21,1,99233,,1,205.00,N17.9,N18.30,R53.81,,,C08,N
GPP-2026-002230,Evelyn,Fisher,1946-11-07,SM14893004,Sunshine Medicaid Partners,SMP12,2026-04-17,2026-04-22,1222921193,Caleb Rivera,Magnolia Post-Acute,31,1,99304,,1,170.00,E11.65,,,,,C05,N
GPP-2026-002231,Liam,Ross,1938-08-08,CS81538121,Coastal Senior Advantage,CSA77,2026-03-27,2026-04-05,1290065238,Riya Wolfe,Gulf Pines Medical Center,21,1,99232,,1,140.00,M62.81,E87.1,D64.9,,,C07,Y
GPP-2026-002232,Owen,Hughes,1941-02-06,NS99869641,Northstar Health Plan,NS401,2026-06-21,2026-06-29,1243255894,James Rivera,Clearwater Heart Institute,21,1,99233,,1,205.00,N18.30,R26.89,,,,C01,N
GPP-2026-002234,Nathan,Stone,1949-09-12,SM82795937,Sunshine Medicaid Partners,SMP12,2026-06-09,2026-06-21,1180489969,Lily Stone,Bayfront Regional Medical Center,21,1,99232,,1,140.00,I50.9,,,,,C02,Y
GPP-2026-002236,Henry,Bennett,1942-02-02,CS22303999,Coastal Senior Advantage,CSA77,2026-03-24,2026-03-26,1243255894,James Rivera,Oakwood Skilled Nursing Center,31,1,99305,,1,240.00,E11.65,L89.154,D64.9,N17.9,,C03,Y
GPP-2026-002238,Nathan,Foster,1961-09-07,CS91515358,Coastal Senior Advantage,CSA77,2026-01-17,2026-01-28,1872027622,Sofia Jenkins,Gulf Pines Medical Center,21,1,99239,,1,190.00,L89.154,J96.01,E87.1,J18.9,,C02,N
GPP-2026-002241,Chloe,Powell,1958-01-24,SM67283619,Sunshine Medicaid Partners,SMP12,2026-03-07,2026-03-12,1038518613,Joseph Russell,Harborview Care Center,31,1,99308,,1,110.00,J18.9,D64.9,,,,C02,N
GPP-2026-002244,Hannah,Pierce,1950-06-28,NS97699665,Northstar Health Plan,NS401,2026-02-24,2026-03-01,1222921193,Caleb Rivera,Gulf Pines Medical Center,21,1,99232,,1,140.00,N18.30,E87.1,J44.1,,,C01,N
GPP-2026-002245,Lucas,Burke,1951-12-11,NS76861321,Northstar Health Plan,NS401,2026-05-20,2026-05-23,1160142182,Liam Lane,Clearwater Heart Institute,21,1,99239,,1,190.00,J18.9,I48.91,,,,C01,N
GPP-2026-002247,Amelia,Carter,1959-09-27,CS59060989,Coastal Senior Advantage,CSA77,2026-05-04,2026-05-15,1222921193,Caleb Rivera,Seabreeze Rehab & Nursing,31,1,99305,,1,240.00,M62.81,N18.30,E11.65,,,C08,N
GPP-2026-002250,Isaac,Kim,1961-09-10,SM27184632,Sunshine Medicaid Partners,SMP12,2026-05-24,2026-06-04,1684726395,Chloe Shah,Palm Harbor General Hospital,21,1,99222,,1,245.00,E11.9,,,,,C05,N
GPP-2026-002253,Evelyn,Wolfe,1942-08-07,SM39441751,Sunshine Medicaid Partners,SMP12,2026-07-03,2026-07-12,1436730950,Maya Ortiz,Clearwater Heart Institute,21,1,99231,,1,95.00,J44.1,,,,,C02,N
GPP-2026-002255,Isaac,Carter,1947-03-21,SM32846501,Sunshine Medicaid Partners,SMP12,2026-02-02,2026-02-04,1234301301,Lily Rivera,Bayfront Regional Medical Center,21,1,99232,,1,140.00,R53.81,Z74.09,,,,C08,Y
GPP-2026-002257,Arjun,Perry,1959-08-03,CS88739782,Coastal Senior Advantage,CSA77,2026-08-14,2026-08-25,1247459963,Aarav Ross,Bayfront Regional Medical Center,21,1,99232,,1,140.00,N17.9,I10,M62.81,J96.01,,C06,N
GPP-2026-002258,Ella,Burke,1942-10-07,NS54344802,Northstar Health Plan,NS401,2026-04-15,2026-04-22,1624878819,Hannah Brooks,Palm Harbor General Hospital,21,1,99232,,1,140.00,R26.89,I48.91,,,,C07,N
GPP-2026-002259,Joseph,Mehta,1952-01-07,NS44768173,Northstar Health Plan,NS401,2026-02-09,2026-02-20,1038518613,Joseph Russell,Gulf Pines Medical Center,21,1,99233,,1,205.00,E87.1,,,,,C04,N
GPP-2026-002262,Arjun,Perry,1959-08-03,NS61850664,Northstar Health Plan,NS401,2026-05-30,2026-06-02,1290065238,Riya Wolfe,Seabreeze Rehab & Nursing,31,1,99306,,1,310.00,J44.1,D64.9,,,,C04,Y
GPP-2026-002264,Nathan,Coleman,1952-04-05,SM98847209,Sunshine Medicaid Partners,SMP12,2026-07-28,2026-07-31,1204831741,Daniel Ortiz,St. Anselm Hospital,21,1,99239,,1,190.00,J44.1,R53.81,,,,C05,Y
GPP-2026-002266,Evelyn,Fisher,1946-11-07,NS40543749,Northstar Health Plan,NS401,2026-08-09,2026-08-13,1884992904,Ethan Pierce,St. Anselm Hospital,21,1,99239,25,1,190.00,E11.65,R26.89,R53.81,,,C06,N
GPP-2026-002266,Evelyn,Fisher,1946-11-07,NS40543749,Northstar Health Plan,NS401,2026-08-09,2026-08-13,1884992904,Ethan Pierce,St. Anselm Hospital,21,2,93010,,1,25.00,E11.65,R26.89,R53.81,,,C06,N
GPP-2026-002268,Noah,Powell,1957-02-27,SM91575871,Sunshine Medicaid Partners,SMP12,2026-07-25,2026-08-02,1204831741,Daniel Ortiz,Magnolia Post-Acute,31,1,99310,,1,215.00,R26.89,N18.30,,,,C07,Y
GPP-2026-002269,David,Wolfe,1940-08-14,NS56323780,Northstar Health Plan,NS401,2026-07-25,2026-07-30,1872027622,Sofia Jenkins,Gulf Pines Medical Center,21,1,99239,25,1,190.00,N17.9,J44.1,R53.81,,,C05,N
GPP-2026-002269,David,Wolfe,1940-08-14,NS56323780,Northstar Health Plan,NS401,2026-07-25,2026-07-30,1872027622,Sofia Jenkins,Gulf Pines Medical Center,21,2,36556,,1,240.00,N17.9,J44.1,R53.81,,,C05,N
GPP-2026-002270,Benjamin,Russell,1944-10-19,CS24320923,Coastal Senior Advantage,CSA77,2026-01-13,2026-01-18,1425271610,Emma Brooks,Oakwood Skilled Nursing Center,31,1,99305,,1,240.00,N18.30,E11.9,J96.01,R26.89,,C08,Y
GPP-2026-002272,Grace,Burke,1958-09-17,SM86079369,Sunshine Medicaid Partners,SMP12,2026-01-09,2026-01-14,1204831741,Daniel Ortiz,St. Anselm Hospital,21,1,99238,,1,130.00,E11.65,,,,,C02,Y
GPP-2026-002275,Harper,Long,1961-03-18,NS37002946,Northstar Health Plan,NS401,2026-01-18,2026-01-23,1243255894,James Rivera,Bayfront Regional Medical Center,21,1,99232,25,1,140.00,N17.9,E11.9,J44.1,J18.9,,C08,N
GPP-2026-002275,Harper,Long,1961-03-18,NS37002946,Northstar Health Plan,NS401,2026-01-18,2026-01-23,1243255894,James Rivera,Bayfront Regional Medical Center,21,2,31500,,1,260.00,N17.9,E11.9,J44.1,J18.9,,C08,N
GPP-2026-002276,Nathan,Long,1962-09-04,CS49446387,Coastal Senior Advantage,CSA77,2026-04-03,2026-04-15,1778873939,Ryan Diaz,Clearwater Heart Institute,21,1,99233,,1,205.00,R53.81,J96.01,,,,C03,N
GPP-2026-002279,Leo,Burke,1954-12-12,MP43244560,Meridian PPO,MRD55,2026-07-15,2026-07-22,1024533220,Evelyn Ortiz,Gulf Pines Medical Center,21,1,99233,,1,205.00,I48.91,E87.1,E11.65,Z74.09,,C07,Y
GPP-2026-002282,Aria,Powell,1962-08-06,MP24665804,Meridian PPO,MRD55,2026-02-05,2026-02-07,1272117833,Mia Hughes,Palm Harbor General Hospital,21,1,99238,,1,130.00,I50.9,,,,,C04,N
GPP-2026-002283,Aarav,Sanders,1941-03-12,NS23880962,Northstar Health Plan,NS401,2026-04-09,2026-04-19,1038518613,Joseph Russell,St. Anselm Hospital,21,1,99221,,1,180.00,I10,I11.9,N17.9,J18.9,,C07,N
GPP-2026-002284,Emma,Powell,1948-02-23,CS67956727,Coastal Senior Advantage,CSA77,2026-07-22,2026-08-02,1243255894,James Rivera,Gulf Pines Medical Center,21,1,99222,,1,245.00,I10,I48.91,,,,C05,N
GPP-2026-002285,Henry,Powell,1948-10-17,SM24590797,Sunshine Medicaid Partners,SMP12,2026-02-15,2026-02-19,1726463346,Mia Hayes,St. Anselm Hospital,21,1,99223,,1,330.00,A41.9,I50.9,,,,C01,Y
GPP-2026-002287,Nathan,Long,1962-09-04,MP37697770,Meridian PPO,MRD55,2026-07-10,2026-07-20,1572028870,Lily Kim,Magnolia Post-Acute,31,1,99304,,1,170.00,J44.1,I10,A41.9,I48.91,,C05,Y
GPP-2026-002289,Nora,Ross,1957-10-08,CS60390258,Coastal Senior Advantage,CSA77,2026-03-19,2026-03-25,1204831741,Daniel Ortiz,Seabreeze Rehab & Nursing,31,1,99309,,1,150.00,N18.30,,,,,C06,Y
GPP-2026-002291,Olivia,Shah,1954-08-21,MP86276006,Meridian PPO,MRD55,2026-03-14,2026-03-23,1243255894,James Rivera,Clearwater Heart Institute,21,1,99223,,1,330.00,Z74.09,D64.9,,,,C07,Y
GPP-2026-002294,Nora,Ortiz,1959-03-22,CS17223583,Coastal Senior Advantage,CSA77,2026-04-20,2026-04-28,1572028870,Lily Kim,Seabreeze Rehab & Nursing,31,1,99308,,1,110.00,M62.81,I48.91,I10,J96.01,,C01,N
GPP-2026-002296,Mateo,Fisher,1947-10-16,CS25764175,Coastal Senior Advantage,CSA77,2026-03-02,2026-03-08,1222921193,Caleb Rivera,Palm Harbor General Hospital,21,1,99238,,1,130.00,A41.9,,,,,C08,Y
GPP-2026-002297,Nathan,Burke,1952-11-03,CS19806701,Coastal Senior Advantage,CSA77,2026-06-09,2026-06-18,1743559571,Maya Patel,Harborview Care Center,31,1,99305,,1,240.00,M62.81,N17.9,,,,C06,Y
GPP-2026-002300,Noah,Perry,1958-04-04,SM24065713,Sunshine Medicaid Partners,SMP12,2026-05-15,2026-05-17,1160142182,Liam Lane,Gulf Pines Medical Center,21,1,99232,25,1,140.00,E11.9,A41.9,Z74.09,L89.154,,C06,Y
GPP-2026-002300,Noah,Perry,1958-04-04,SM24065713,Sunshine Medicaid Partners,SMP12,2026-05-15,2026-05-17,1160142182,Liam Lane,Gulf Pines Medical Center,21,2,36556,,1,240.00,E11.9,A41.9,Z74.09,L89.154,,C06,Y
GPP-2026-002302,Noah,Kim,1945-08-17,NS84574420,Northstar Health Plan,NS401,2026-04-17,2026-04-26,1624878819,Hannah Brooks,Seabreeze Rehab & Nursing,31,1,99306,,1,310.00,N18.30,A41.9,I10,,,C06,N
GPP-2026-002303,Nathan,Diaz,1962-12-25,NS35716525,Northstar Health Plan,NS401,2026-01-16,2026-01-19,1489356778,Benjamin Carter,Gulf Pines Medical Center,21,1,99233,,1,205.00,I10,M62.81,E87.1,,,C05,Y
GPP-2026-002305,Noah,Bennett,1953-02-17,CS64276296,Coastal Senior Advantage,CSA77,2026-06-21,2026-07-03,1247459963,Aarav Ross,Clearwater Heart Institute,21,1,99232,,1,140.00,R53.81,R26.89,,,,C01,N
GPP-2026-002306,Ella,Burke,1942-10-07,SM24354153,Sunshine Medicaid Partners,SMP12,2026-07-01,2026-07-09,1243255894,James Rivera,St. Anselm Hospital,21,1,99238,,1,130.00,I10,I11.9,Z74.09,,,C01,N
GPP-2026-002309,Noah,Bennett,1940-10-06,NS40243242,Northstar Health Plan,NS401,2026-05-06,2026-05-09,1489356778,Benjamin Carter,Clearwater Heart Institute,21,1,99231,,1,95.00,N17.9,,,,,C04,Y
GPP-2026-002310,Mateo,Griffin,1946-05-15,SM71283373,Sunshine Medicaid Partners,SMP12,2026-01-21,2026-01-26,1243255894,James Rivera,Palm Harbor General Hospital,21,1,99231,,1,95.00,E11.9,E87.1,,,,C02,N
GPP-2026-002312,Samuel,Stone,1939-08-01,CS89228852,Coastal Senior Advantage,CSA77,2026-05-20,2026-05-25,1290065238,Riya Wolfe,Gulf Pines Medical Center,21,1,99221,,1,180.00,E87.1,,,,,C02,N
GPP-2026-002313,Nora,Bennett,1941-03-07,SM80362389,Sunshine Medicaid Partners,SMP12,2026-01-07,2026-01-19,1872027622,Sofia Jenkins,Bayfront Regional Medical Center,21,1,99238,,1,130.00,E87.1,R26.89,,,,C04,N
GPP-2026-002316,Harper,Powell,1960-12-11,CS13180882,Coastal Senior Advantage,CSA77,2026-07-02,2026-07-14,1872027622,Sofia Jenkins,Seabreeze Rehab & Nursing,31,1,99307,,1,70.00,R53.81,R26.89,E87.1,E11.65,,C07,N
GPP-2026-002319,Noah,Nguyen,1939-07-26,SM48255517,Sunshine Medicaid Partners,SMP12,2026-08-21,2026-08-27,1160142182,Liam Lane,Gulf Pines Medical Center,21,1,99223,,1,330.00,I10,E11.9,J96.01,,,C06,N
GPP-2026-002320,Arjun,Reyes,1945-09-09,SM85302950,Sunshine Medicaid Partners,SMP12,2026-05-14,2026-05-25,1778873939,Ryan Diaz,Gulf Pines Medical Center,21,1,99233,,1,205.00,E11.9,R26.89,I10,N17.9,,C06,N
GPP-2026-002321,Lily,Price,1956-02-16,SM37873056,Sunshine Medicaid Partners,SMP12,2026-02-16,2026-02-18,1243255894,James Rivera,Palm Harbor General Hospital,21,1,99232,,1,140.00,N18.30,,,,,C03,Y
GPP-2026-002323,Chloe,Powell,1958-01-24,MP59008004,Meridian PPO,MRD55,2026-07-30,2026-08-02,1884992904,Ethan Pierce,St. Anselm Hospital,21,1,99239,,1,190.00,J18.9,,,,,C04,Y
GPP-2026-002326,Noah,Patel,1955-03-28,MP15572307,Meridian PPO,MRD55,2026-08-05,2026-08-10,1243255894,James Rivera,Bayfront Regional Medical Center,21,1,99221,,1,180.00,J44.1,M62.81,I48.91,E11.65,,C06,Y
GPP-2026-002329,Joseph,Russell,1943-10-07,SM79463421,Sunshine Medicaid Partners,SMP12,2026-08-03,2026-08-12,1234301301,Lily Rivera,St. Anselm Hospital,21,1,99232,,1,140.00,J96.01,D64.9,I48.91,,,C05,Y
GPP-2026-002332,Benjamin,Morales,1962-05-22,MP51055439,Meridian PPO,MRD55,2026-07-25,2026-08-03,1726463346,Mia Hayes,Harborview Care Center,31,1,99307,,1,70.00,E11.9,,,,,C02,Y
GPP-2026-002335,Henry,Price,1945-12-05,NS86315476,Northstar Health Plan,NS401,2026-08-19,2026-08-22,1038518613,Joseph Russell,Palm Harbor General Hospital,21,1,99221,,1,180.00,R53.81,M62.81,E11.65,J96.01,,C06,N
GPP-2026-002337,Chloe,Lane,1943-05-07,NS94007858,Northstar Health Plan,NS401,2026-08-24,2026-09-04,1222921193,Caleb Rivera,Harborview Care Center,31,1,99309,,1,150.00,J44.1,,,,,C01,N
GPP-2026-002340,Noah,Kim,1960-06-02,CS42014778,Coastal Senior Advantage,CSA77,2026-06-27,2026-07-03,1262252103,Samuel Pierce,Magnolia Post-Acute,31,1,99306,,1,310.00,A41.9,D64.9,I50.9,,,C01,Y
GPP-2026-002341,Lucas,Stone,1944-08-05,NS67347881,Northstar Health Plan,NS401,2026-08-22,2026-08-31,1684726395,Chloe Shah,Seabreeze Rehab & Nursing,31,1,99306,,1,310.00,J44.1,Z74.09,,,,C04,Y
GPP-2026-002344,Ryan,Reyes,1942-03-22,NS33218803,Northstar Health Plan,NS401,2026-01-26,2026-02-04,1038518613,Joseph Russell,Oakwood Skilled Nursing Center,31,1,99306,,1,310.00,E87.1,,,,,C03,N
GPP-2026-002346,Sofia,Mehta,1938-10-08,NS98687052,Northstar Health Plan,NS401,2026-04-17,2026-04-28,1684726395,Chloe Shah,Magnolia Post-Acute,31,1,99305,,1,240.00,R26.89,,,,,C07,N
GPP-2026-002347,Noah,Perry,1958-04-04,SM33889271,Sunshine Medicaid Partners,SMP12,2026-02-01,2026-02-06,1872027622,Sofia Jenkins,Magnolia Post-Acute,31,1,99306,,1,310.00,E11.65,R53.81,,,SMPA596989,C02,N
GPP-2026-002349,Amelia,Ward,1941-09-12,SM54002103,Sunshine Medicaid Partners,SMP12,2026-08-14,2026-08-25,1872027622,Sofia Jenkins,Palm Harbor General Hospital,21,1,99233,,1,205.00,J44.1,R53.81,,,,C07,Y
GPP-2026-002352,Aria,Bennett,1938-06-19,CS21514587,Coastal Senior Advantage,CSA77,2026-04-13,2026-04-24,1024533220,Evelyn Ortiz,St. Anselm Hospital,21,1,99233,,1,205.00,N18.30,I10,E11.65,E11.9,,C08,Y
GPP-2026-002354,Lucas,Kim,1962-10-20,NS24081589,Northstar Health Plan,NS401,2026-03-14,2026-03-21,1684726395,Chloe Shah,Oakwood Skilled Nursing Center,31,1,99305,,1,240.00,I10,N18.30,,,,C06,Y
GPP-2026-002356,Benjamin,Perry,1957-09-04,MP12984498,Meridian PPO,MRD55,2026-06-17,2026-06-27,1204831741,Daniel Ortiz,Seabreeze Rehab & Nursing,31,1,99309,,1,150.00,N17.9,R53.81,M62.81,,,C08,Y
GPP-2026-002357,David,Morales,1955-07-03,CS80803814,Coastal Senior Advantage,CSA77,2026-05-05,2026-05-13,1603023783,Arjun Dunn,Harborview Care Center,31,1,99307,,1,70.00,L89.154,I50.9,I48.91,,,C04,N
GPP-2026-002358,Henry,Holt,1945-09-17,MP25047458,Meridian PPO,MRD55,2026-05-18,2026-05-30,1425271610,Emma Brooks,Palm Harbor General Hospital,21,1,99221,25,1,180.00,I50.9,I48.91,M62.81,I10,,C07,N
GPP-2026-002358,Henry,Holt,1945-09-17,MP25047458,Meridian PPO,MRD55,2026-05-18,2026-05-30,1425271610,Emma Brooks,Palm Harbor General Hospital,21,2,36556,,1,240.00,I50.9,I48.91,M62.81,I10,,C07,N
GPP-2026-002359,Arjun,Bennett,1952-03-23,SM77383694,Sunshine Medicaid Partners,SMP12,2026-05-27,2026-06-04,1038518613,Joseph Russell,Oakwood Skilled Nursing Center,31,1,99305,,1,240.00,E87.1,J96.01,,,,C06,Y
GPP-2026-002360,Joseph,Russell,1943-10-07,CS46387131,Coastal Senior Advantage,CSA77,2026-07-08,2026-07-16,1436730950,Maya Ortiz,Palm Harbor General Hospital,21,1,99231,,1,95.00,Z74.09,E11.9,,,,C01,N
GPP-2026-002361,Liam,Hughes,1956-10-25,NS54861342,Northstar Health Plan,NS401,2026-04-03,2026-04-06,1272117833,Mia Hughes,St. Anselm Hospital,21,1,99239,,1,190.00,I48.91,,,,,C06,N
GPP-2026-002362,Amelia,Wallace,1960-05-27,NS20672652,Northstar Health Plan,NS401,2026-06-03,2026-06-09,1272117833,Mia Hughes,Oakwood Skilled Nursing Center,31,1,99304,,1,170.00,A41.9,I10,,,,C02,N
GPP-2026-002364,Aria,Morales,1941-07-28,SM19074832,Sunshine Medicaid Partners,SMP12,2026-08-09,2026-08-21,1160142182,Liam Lane,Palm Harbor General Hospital,21,1,99222,,1,245.00,I50.9,,,,,C02,N
GPP-2026-002365,Chloe,Lane,1959-10-05,SM64703615,Sunshine Medicaid Partners,SMP12,2026-04-02,2026-04-05,1204831741,Daniel Ortiz,Palm Harbor General Hospital,21,1,99231,,1,95.00,A41.9,I48.91,R26.89,E11.65,,C07,N
GPP-2026-002368,Nora,Diaz,1958-10-15,MP30642616,Meridian PPO,MRD55,2026-08-06,2026-08-14,1872027622,Sofia Jenkins,Gulf Pines Medical Center,21,1,99232,,1,140.00,I48.91,,,,,C07,Y
GPP-2026-002371,Harper,Ramirez,1952-01-17,SM56564268,Sunshine Medicaid Partners,SMP12,2026-01-30,2026-02-06,1872027622,Sofia Jenkins,St. Anselm Hospital,21,1,99222,,1,245.00,D64.9,N18.30,J44.1,,,C04,N
GPP-2026-002373,Ryan,Reyes,1942-03-22,CS17301100,Coastal Senior Advantage,CSA77,2026-07-15,2026-07-26,1778873939,Ryan Diaz,St. Anselm Hospital,21,1,99231,,1,95.00,N17.9,,,,,C08,N
GPP-2026-002375,Harper,Ramirez,1952-01-17,MP13595928,Meridian PPO,MRD55,2026-02-25,2026-03-05,1160142182,Liam Lane,Clearwater Heart Institute,21,1,99233,,1,205.00,I10,L89.154,,,,C03,N
GPP-2026-002378,Arjun,Reyes,1945-09-09,MP11952091,Meridian PPO,MRD55,2026-03-28,2026-04-07,1272117833,Mia Hughes,Magnolia Post-Acute,31,1,99305,,1,240.00,R53.81,,,,,C02,Y
GPP-2026-002379,Leo,Myers,1940-12-20,NS50586726,Northstar Health Plan,NS401,2026-02-01,2026-02-06,1038518613,Joseph Russell,Palm Harbor General Hospital,21,1,99233,,1,205.00,E11.65,,,,,C03,Y
GPP-2026-002382,Henry,Gomez,1939-09-19,CS60353421,Coastal Senior Advantage,CSA77,2026-06-21,2026-06-27,1247459963,Aarav Ross,Gulf Pines Medical Center,21,1,99233,,1,205.00,J96.01,I10,,,,C01,N
GPP-2026-002383,Benjamin,Griffin,1947-08-04,CS95994919,Coastal Senior Advantage,CSA77,2026-08-09,2026-08-17,1572028870,Lily Kim,Bayfront Regional Medical Center,21,1,99238,,1,130.00,A41.9,Z74.09,,,,C07,Y
GPP-2026-002384,Nathan,Foster,1961-01-05,SM65476877,Sunshine Medicaid Partners,SMP12,2026-06-09,2026-06-19,1726463346,Mia Hayes,Harborview Care Center,31,1,99306,,1,310.00,E11.9,N18.30,J18.9,E87.1,SMPA108058,C02,Y
GPP-2026-002387,Olivia,Brooks,1938-05-23,SM83010940,Sunshine Medicaid Partners,SMP12,2026-04-10,2026-04-12,1603023783,Arjun Dunn,Bayfront Regional Medical Center,21,1,99233,,1,205.00,E11.65,,,,,C06,N
GPP-2026-002390,Nathan,Foster,1961-01-05,NS20933123,Northstar Health Plan,NS401,2026-05-17,2026-05-26,1262252103,Samuel Pierce,Clearwater Heart Institute,21,1,99222,,1,245.00,R26.89,A41.9,I50.9,,,C02,N
GPP-2026-002393,Benjamin,Bennett,1947-02-05,NS95393408,Northstar Health Plan,NS401,2026-06-04,2026-06-09,1778873939,Ryan Diaz,Palm Harbor General Hospital,21,1,99232,,1,140.00,L89.154,,,,,C07,N
GPP-2026-002396,Noah,Bennett,1953-02-17,NS39403808,Northstar Health Plan,NS401,2026-08-04,2026-08-09,1884992904,Ethan Pierce,Palm Harbor General Hospital,21,1,99238,,1,130.00,I10,,,,,C02,Y
GPP-2026-002398,Isaac,Kim,1961-09-10,MP44634649,Meridian PPO,MRD55,2026-06-19,2026-06-23,1684726395,Chloe Shah,St. Anselm Hospital,21,1,99238,,1,130.00,N17.9,E11.9,J18.9,R53.81,,C06,N
GPP-2026-002400,Caleb,Burke,1950-10-17,NS99870118,Northstar Health Plan,NS401,2026-05-02,2026-05-06,1262252103,Samuel Pierce,Harborview Care Center,31,1,99307,,1,70.00,J18.9,I10,R26.89,,,C08,N
GPP-2026-002403,Maya,Nguyen,1944-08-14,NS84744300,Northstar Health Plan,NS401,2026-04-20,2026-04-29,1884992904,Ethan Pierce,Oakwood Skilled Nursing Center,31,1,99306,,1,310.00,E87.1,M62.81,,,,C07,Y
GPP-2026-002405,Grace,Bennett,1943-03-05,CS21311294,Coastal Senior Advantage,CSA77,2026-02-09,2026-02-20,1884992904,Ethan Pierce,Oakwood Skilled Nursing Center,31,1,99310,,1,215.00,J96.01,,,,,C01,Y
GPP-2026-002407,Arjun,Bennett,1952-03-23,NS84508563,Northstar Health Plan,NS401,2026-06-05,2026-06-10,1160142182,Liam Lane,Clearwater Heart Institute,21,1,99238,,1,130.00,R26.89,I50.9,I10,E11.65,,C01,Y
GPP-2026-002409,James,Griffin,1939-02-26,NS66175119,Northstar Health Plan,NS401,2026-01-07,2026-01-15,1436730950,Maya Ortiz,Harborview Care Center,31,1,99304,,1,170.00,A41.9,J96.01,L89.154,,,C04,N
GPP-2026-002411,Arjun,Perry,1957-09-23,SM47297462,Sunshine Medicaid Partners,SMP12,2026-06-21,2026-06-25,1222921193,Caleb Rivera,Harborview Care Center,31,1,99306,,1,310.00,R26.89,,,,SMPA472876,C04,N
GPP-2026-002413,Mateo,Griffin,1946-05-15,SM59993270,Sunshine Medicaid Partners,SMP12,2026-06-08,2026-06-12,1425271610,Emma Brooks,St. Anselm Hospital,21,1,99223,,1,330.00,I10,J18.9,J96.01,,,C03,N
GPP-2026-002415,Caleb,Burke,1950-10-17,NS92459270,Northstar Health Plan,NS401,2026-06-08,2026-06-16,1743559571,Maya Patel,Gulf Pines Medical Center,21,1,99233,,1,205.00,I10,I50.9,E11.9,I48.91,,C02,Y
GPP-2026-002417,Caleb,Iyer,1941-11-20,NS84639612,Northstar Health Plan,NS401,2026-08-24,2026-08-28,1624878819,Hannah Brooks,Gulf Pines Medical Center,21,1,99239,,1,190.00,E11.9,M62.81,N17.9,,,C01,N
GPP-2026-002419,Lucas,Fisher,1938-03-23,CS67621978,Coastal Senior Advantage,CSA77,2026-02-01,2026-02-05,1603023783,Arjun Dunn,Gulf Pines Medical Center,21,1,99239,,1,190.00,R26.89,M62.81,,,,C01,N
GPP-2026-002421,Maya,Nguyen,1944-08-14,CS48797005,Coastal Senior Advantage,CSA77,2026-06-19,2026-06-25,1436730950,Maya Ortiz,Gulf Pines Medical Center,21,1,99231,25,1,95.00,R53.81,I10,,,,C06,N
GPP-2026-002421,Maya,Nguyen,1944-08-14,CS48797005,Coastal Senior Advantage,CSA77,2026-06-19,2026-06-25,1436730950,Maya Ortiz,Gulf Pines Medical Center,21,2,31500,,1,260.00,R53.81,I10,,,,C06,N
GPP-2026-002422,Ava,Lane,1950-06-04,NS34752893,Northstar Health Plan,NS401,2026-01-20,2026-01-23,1262252103,Samuel Pierce,Bayfront Regional Medical Center,21,1,99231,,1,95.00,R53.81,E87.1,J96.01,,,C08,N
GPP-2026-002425,Ella,Morales,1940-02-22,SM26094816,Sunshine Medicaid Partners,SMP12,2026-08-19,2026-08-26,1262252103,Samuel Pierce,Harborview Care Center,31,1,99308,,1,110.00,I48.91,J18.9,N18.30,R26.89,,C01,Y
GPP-2026-002426,Isabella,Long,1940-03-28,NS22263130,Northstar Health Plan,NS401,2026-03-06,2026-03-10,1743559571,Maya Patel,Palm Harbor General Hospital,21,1,99238,25,1,130.00,N17.9,R53.81,A41.9,,,C05,N
GPP-2026-002426,Isabella,Long,1940-03-28,NS22263130,Northstar Health Plan,NS401,2026-03-06,2026-03-10,1743559571,Maya Patel,Palm Harbor General Hospital,21,2,36556,,1,240.00,N17.9,R53.81,A41.9,,,C05,N
GPP-2026-002427,Grace,Burke,1958-09-17,NS42200904,Northstar Health Plan,NS401,2026-03-19,2026-03-28,1489356778,Benjamin Carter,Harborview Care Center,31,1,99306,,1,310.00,R53.81,I48.91,L89.154,,,C02,Y
GPP-2026-002430,Layla,Burke,1950-04-17,NS13496035,Northstar Health Plan,NS401,2026-07-04,2026-07-10,1222921193,Caleb Rivera,Palm Harbor General Hospital,21,1,99238,25,1,130.00,I10,J96.01,,,,C08,Y
GPP-2026-002430,Layla,Burke,1950-04-17,NS13496035,Northstar Health Plan,NS401,2026-07-04,2026-07-10,1222921193,Caleb Rivera,Palm Harbor General Hospital,21,2,94002,,1,180.00,I10,J96.01,,,,C08,Y
GPP-2026-002432,Caleb,Iyer,1941-11-20,CS11687272,Coastal Senior Advantage,CSA77,2026-04-21,2026-05-03,1778873939,Ryan Diaz,Palm Harbor General Hospital,21,1,99222,,1,245.00,J96.01,I50.9,R53.81,E11.9,,C07,N
GPP-2026-002435,Lucas,Kim,1962-10-20,NS98934004,Northstar Health Plan,NS401,2026-03-05,2026-03-10,1425271610,Emma Brooks,Gulf Pines Medical Center,21,1,99222,,1,245.00,E11.9,N17.9,,,,C04,Y
GPP-2026-002437,Amelia,Ward,1941-09-12,SM88019508,Sunshine Medicaid Partners,SMP12,2026-03-23,2026-04-03,1743559571,Maya Patel,Harborview Care Center,31,1,99307,,1,70.00,I10,M62.81,R26.89,A41.9,,C03,N
GPP-2026-002440,Maya,Sanders,1940-11-23,NS10672450,Northstar Health Plan,NS401,2026-01-13,2026-01-22,1243255894,James Rivera,Palm Harbor General Hospital,21,1,99233,,1,205.00,E11.9,,,,,C01,N
GPP-2026-002441,Isaac,Myers,1954-11-16,NS54026587,Northstar Health Plan,NS401,2026-03-09,2026-03-12,1603023783,Arjun Dunn,Gulf Pines Medical Center,21,1,99233,,1,205.00,N18.30,J96.01,R26.89,I50.9,,C01,Y
GPP-2026-002443,Benjamin,Morales,1962-05-22,MP66948966,Meridian PPO,MRD55,2026-04-02,2026-04-08,1743559571,Maya Patel,Clearwater Heart Institute,21,1,99233,,1,205.00,J44.1,Z74.09,A41.9,N18.30,,C01,Y
GPP-2026-002444,Noah,Myers,1949-03-26,NS77119142,Northstar Health Plan,NS401,2026-08-16,2026-08-28,1624878819,Hannah Brooks,Harborview Care Center,31,1,99306,,1,310.00,E11.9,,,,,C01,N
GPP-2026-002445,Layla,Carter,1945-11-11,NS40990550,Northstar Health Plan,NS401,2026-02-17,2026-02-21,1489356778,Benjamin Carter,St. Anselm Hospital,21,1,99231,,1,95.00,E11.9,L89.154,E11.65,,,C02,N
GPP-2026-002447,Emma,Coleman,1949-01-26,CS95463286,Coastal Senior Advantage,CSA77,2026-01-07,2026-01-10,1038518613,Joseph Russell,Gulf Pines Medical Center,21,1,99221,,1,180.00,M62.81,J96.01,L89.154,I48.91,,C07,Y
GPP-2026-002449,Layla,Perry,1949-06-23,MP57764702,Meridian PPO,MRD55,2026-04-03,2026-04-13,1743559571,Maya Patel,Oakwood Skilled Nursing Center,31,1,99304,,1,170.00,J18.9,R53.81,,,,C06,N
GPP-2026-002452,Chloe,Lane,1959-10-05,MP74443268,Meridian PPO,MRD55,2026-06-19,2026-06-22,1038518613,Joseph Russell,St. Anselm Hospital,21,1,99232,,1,140.00,N17.9,,,,,C08,Y
GPP-2026-002453,Lily,Diaz,1949-09-08,MP47553156,Meridian PPO,MRD55,2026-02-01,2026-02-09,1603023783,Arjun Dunn,Magnolia Post-Acute,31,1,99309,,1,150.00,E11.65,J96.01,J18.9,E11.9,,C05,Y
GPP-2026-002454,Joseph,Reyes,1955-11-26,NS90635600,Northstar Health Plan,NS401,2026-06-17,2026-06-25,1436730950,Maya Ortiz,Seabreeze Rehab & Nursing,31,1,99308,,1,110.00,I48.91,,,,,C07,N
GPP-2026-002457,Leo,Myers,1940-12-20,CS40371327,Coastal Senior Advantage,CSA77,2026-06-24,2026-07-01,1743559571,Maya Patel,Harborview Care Center,31,1,99309,,1,150.00,E11.65,E87.1,I10,N17.9,,C01,Y
GPP-2026-002460,Grace,Powell,1952-05-27,CS91716543,Coastal Senior Advantage,CSA77,2026-08-05,2026-08-12,1624878819,Hannah Brooks,Clearwater Heart Institute,21,1,99232,,1,140.00,J18.9,N17.9,I50.9,,,C07,N
GPP-2026-002462,Liam,Hughes,1957-11-04,CS13945527,Coastal Senior Advantage,CSA77,2026-04-10,2026-04-12,1778873939,Ryan Diaz,Magnolia Post-Acute,31,1,99305,,1,240.00,Z74.09,R26.89,J96.01,J18.9,,C03,Y
GPP-2026-002464,Ryan,Diaz,1950-08-16,NS85544647,Northstar Health Plan,NS401,2026-07-21,2026-08-02,1425271610,Emma Brooks,Harborview Care Center,31,1,99307,,1,70.00,A41.9,,,,,C08,N
GPP-2026-002466,Hannah,Stone,1942-06-03,NS60634326,Northstar Health Plan,NS401,2026-02-17,2026-02-19,1160142182,Liam Lane,Palm Harbor General Hospital,21,1,99223,,1,330.00,J18.9,,,,,C06,Y
GPP-2026-002467,Maya,Sanders,1940-11-23,NS10672450,Northstar Health Plan,NS401,2026-01-13,2026-01-22,1204831741,Daniel Ortiz,Palm Harbor General Hospital,21,1,99233,,1,205.00,E11.9,,,,,C03,N
GPP-2026-002468,Amelia,Brooks,1942-10-11,NS31806186,Northstar Health Plan,NS401,2026-08-28,2026-09-02,1272117833,Mia Hughes,Gulf Pines Medical Center,21,1,99233,,1,205.00,E87.1,A41.9,R53.81,N18.30,,C06,Y
GPP-2026-002469,Mateo,Perry,1952-03-18,NS56181908,Northstar Health Plan,NS401,2026-05-17,2026-05-21,1872027622,Sofia Jenkins,Bayfront Regional Medical Center,21,1,99233,,1,205.00,I10,,,,,C02,N
GPP-2026-002470,Isaac,Dunn,1938-10-15,NS24484609,Northstar Health Plan,NS401,2026-07-16,2026-07-23,1572028870,Lily Kim,St. Anselm Hospital,21,1,99233,,1,205.00,R53.81,J18.9,D64.9,,,C03,Y
GPP-2026-002471,Lucas,Stone,1951-06-02,NS58520199,Northstar Health Plan,NS401,2026-06-30,2026-07-11,1160142182,Liam Lane,Bayfront Regional Medical Center,21,1,99233,,1,205.00,J96.01,E11.65,J18.9,I48.91,,C06,Y
GPP-2026-002472,Joseph,Russell,1945-07-22,NS20897918,Northstar Health Plan,NS401,2026-08-07,2026-08-14,1262252103,Samuel Pierce,Clearwater Heart Institute,21,1,99233,,1,205.00,I48.91,A41.9,I10,J44.1,,C05,N
GPP-2026-002473,Hannah,Long,1959-10-19,NS48082645,Northstar Health Plan,NS401,2026-05-10,2026-05-22,1603023783,Arjun Dunn,Bayfront Regional Medical Center,21,1,99233,,1,205.00,Z74.09,,,,,C04,Y
GPP-2026-002474,Maya,Burke,1949-04-18,NS88263023,Northstar Health Plan,NS401,2026-05-06,2026-05-14,1272117833,Mia Hughes,Palm Harbor General Hospital,21,1,99233,,1,205.00,R26.89,N18.30,J44.1,D64.9,,C08,Y
GPP-2026-002475,Ryan,Diaz,1950-08-16,NS89540255,Northstar Health Plan,NS401,2026-06-26,2026-06-28,1243255894,James Rivera,St. Anselm Hospital,21,1,99233,,1,205.00,E87.1,I50.9,,,,C03,Y
GPP-2026-002476,Isaac,Ross,1946-07-05,NS61626541,Northstar Health Plan,NS401,2026-06-21,2026-06-28,1024533220,Evelyn Ortiz,Gulf Pines Medical Center,21,1,99233,,1,205.00,J96.01,I50.9,I48.91,I10,,C06,Y
GPP-2026-002477,Caleb,Griffin,1949-04-22,NS10653074,Northstar Health Plan,NS401,2026-04-12,2026-04-23,1204831741,Daniel Ortiz,Gulf Pines Medical Center,21,1,99233,,1,205.00,Z74.09,N17.9,,,,C02,N
GPP-2026-002478,Caleb,Burke,1950-10-17,NS92459270,Northstar Health Plan,NS401,2026-06-08,2026-06-16,1489356778,Benjamin Carter,Gulf Pines Medical Center,21,1,99233,,1,205.00,I10,I50.9,E11.9,I48.91,,C04,Y
GPP-2026-002479,James,Wolfe,1944-01-28,NS64801196,Northstar Health Plan,NS401,2026-08-11,2026-09-15,1272117833,Mia Hughes,St. Anselm Hospital,21,1,99239,,1,190.00,R53.81,,,,,C06,N
GPP-2026-002480,Caleb,Russell,1957-11-01,NS65748451,Northstar Health Plan,NS401,2026-03-02,2026-04-08,1743559571,Maya Patel,Magnolia Post-Acute,31,1,99304,,1,170.00,R26.89,L89.154,M62.81,,,C01,N
GPP-2026-002481,Amelia,Coleman,1958-04-20,SM83919239,Sunshine Medicaid Partners,SMP12,2026-08-04,2026-09-11,1160142182,Liam Lane,Bayfront Regional Medical Center,21,1,99232,,1,140.00,I50.9,N17.9,,,,C05,N
GPP-2026-002482,Chloe,Patel,1961-10-10,NS34437342,Northstar Health Plan,NS401,2026-01-16,2026-02-18,1222921193,Caleb Rivera,Gulf Pines Medical Center,21,1,99221,,1,180.00,E11.65,R53.81,,,,C01,N
GPP-2026-002483,Joseph,Morales,1939-07-19,MP33108794,Meridian PPO,MRD55,2026-06-11,2026-07-14,1572028870,Lily Kim,Gulf Pines Medical Center,21,1,99238,,1,130.00,D64.9,,,,,C03,Y
GPP-2026-002484,Noah,Bennett,1940-10-06,CS70226286,Coastal Senior Advantage,CSA77,2026-04-16,2026-05-19,1603023783,Arjun Dunn,Bayfront Regional Medical Center,21,1,99233,,1,205.00,I48.91,,,,,C01,Y
GPP-2026-002485,Olivia,Reyes,1960-10-06,SM34219658,Sunshine Medicaid Partners,SMP12,2026-03-25,2026-05-02,1872027622,Sofia Jenkins,St. Anselm Hospital,21,1,99238,,1,130.00,E11.65,I48.91,J18.9,M62.81,,C03,Y
GPP-2026-002486,Hannah,Pierce,1950-06-28,SM23345394,Sunshine Medicaid Partners,SMP12,2026-08-18,2026-09-11,1778873939,Ryan Diaz,Harborview Care Center,31,1,99310,,1,215.00,N18.30,E11.65,,,,C06,N
GPP-2026-002487,Ethan,Shah,1958-12-02,SM52130548,Sunshine Medicaid Partners,SMP12,2026-07-23,2026-08-25,1262252103,Samuel Pierce,Palm Harbor General Hospital,21,1,99233,,1,205.00,J96.01,I48.91,Z74.09,,,C06,N
GPP-2026-002488,Isabella,Hughes,1945-10-05,NS62008563,Northstar Health Plan,NS401,2026-04-21,2026-05-20,1180489969,Lily Stone,Palm Harbor General Hospital,21,1,99231,,1,95.00,J44.1,E87.1,J96.01,,,C06,Y
